map_type,map_index,map_file,seed,num_robots,step_limit,execution_ok,success,steps,max_distance_coordinate_units,mean_explored,min_explored,individual_explored,final_connected,wall_seconds,error,mode,independent_checks_pass,copy_violations
complex,0,99.png,20261005,5,384,True,True,145,13001.86868982425,0.9999261538461537,0.9999261538461538,"[0.9999261538461538, 0.9999261538461538, 0.9999261538461538, 0.9999261538461538, 0.9999261538461538]",False,540.387,,both,True,0
complex,1,98.png,20261006,5,384,True,True,117,8279.692783668961,0.996368794326241,0.9963687943262411,"[0.9963687943262411, 0.9963687943262411, 0.9963687943262411, 0.9963687943262411, 0.9963687943262411]",False,404.224,,both,True,0
complex,2,97.png,20261007,5,384,True,True,130,9184.835657380187,0.9999954609929078,0.9999954609929078,"[0.9999954609929078, 0.9999954609929078, 0.9999954609929078, 0.9999954609929078, 0.9999954609929078]",False,461.609,,both,True,0
complex,3,96.png,20261008,5,384,True,False,384,19537.60180347502,0.7704605006587615,0.7173417654808959,"[0.7173417654808959, 0.9829354413702239, 0.7173417654808959, 0.7173417654808959, 0.7173417654808959]",False,1246.379,,both,True,0
complex,4,95.png,20261009,5,384,True,True,111,8437.038856387411,0.999898814229249,0.999898814229249,"[0.999898814229249, 0.999898814229249, 0.999898814229249, 0.999898814229249, 0.999898814229249]",False,440.986,,both,True,0
complex,5,94.png,20261010,5,384,True,True,156,10828.99328464205,0.9980644155844157,0.9903428571428572,"[0.9999948051948052, 0.9999948051948052, 0.9999948051948052, 0.9999948051948052, 0.9903428571428572]",False,499.886,,both,True,0
complex,6,93.png,20261011,5,384,True,True,114,8574.99387234212,0.9973444155844156,0.9934233766233767,"[0.9999584415584416, 0.9934233766233767, 0.9934233766233767, 0.9999584415584416, 0.9999584415584416]",False,375.649,,both,True,0
complex,7,92.png,20261012,5,384,True,True,104,8244.022927190026,0.9999115902964959,0.999911590296496,"[0.999911590296496, 0.999911590296496, 0.999911590296496, 0.999911590296496, 0.999911590296496]",False,404.255,,both,True,0
complex,8,91.png,20261013,5,384,True,True,105,8246.244546640575,0.996601617250674,0.9966016172506739,"[0.9966016172506739, 0.9966016172506739, 0.9966016172506739, 0.9966016172506739, 0.9966016172506739]",True,364.243,,both,True,0
complex,9,90.png,20261014,5,384,True,True,182,12172.547648763364,0.999907182320442,0.999907182320442,"[0.999907182320442, 0.999907182320442, 0.999907182320442, 0.999907182320442, 0.999907182320442]",False,653.019,,both,True,0
complex,10,9.png,20261015,5,384,True,True,138,9353.800883347227,0.9941029712858928,0.9903700374531835,"[0.99503620474407, 0.9903700374531835, 0.99503620474407, 0.99503620474407, 0.99503620474407]",False,650.064,,both,True,0
complex,11,89.png,20261016,5,384,True,True,196,15477.663148993457,0.9999933701657457,0.9999933701657459,"[0.9999933701657459, 0.9999933701657459, 0.9999933701657459, 0.9999933701657459, 0.9999933701657459]",True,741.329,,both,True,0
complex,12,88.png,20261017,5,384,True,True,138,10621.061545786095,0.9998615384615384,0.9998615384615385,"[0.9998615384615385, 0.9998615384615385, 0.9998615384615385, 0.9998615384615385, 0.9998615384615385]",False,507.2,,both,True,0
complex,13,87.png,20261018,5,384,True,True,119,8820.1384886907,0.9904,0.9904,"[0.9904, 0.9904, 0.9904, 0.9904, 0.9904]",False,402.593,,both,True,0
complex,14,86.png,20261019,5,384,True,True,158,11136.758054202694,0.9996311662531017,0.9996208436724566,"[0.9996208436724566, 0.9996208436724566, 0.9996208436724566, 0.9996466501240695, 0.9996466501240695]",False,565.018,,both,True,0
complex,15,85.png,20261020,5,384,True,True,138,10137.550269001425,0.9999305210918115,0.9999305210918115,"[0.9999305210918115, 0.9999305210918115, 0.9999305210918115, 0.9999305210918115, 0.9999305210918115]",True,498.573,,both,True,0
complex,16,84.png,20261021,5,384,True,True,107,8527.243832678316,0.9938118620689655,0.9938118620689655,"[0.9938118620689655, 0.9938118620689655, 0.9938118620689655, 0.9938118620689655, 0.9938118620689655]",True,420.187,,both,True,0
complex,17,83.png,20261022,5,384,True,True,124,9807.130787237495,0.9938030344827586,0.9938030344827586,"[0.9938030344827586, 0.9938030344827586, 0.9938030344827586, 0.9938030344827586, 0.9938030344827586]",True,455.538,,both,True,0
complex,18,82.png,20261023,5,384,True,True,181,14225.883721333961,0.9999368707482994,0.9999368707482993,"[0.9999368707482993, 0.9999368707482993, 0.9999368707482993, 0.9999368707482993, 0.9999368707482993]",False,667.538,,both,True,0
complex,19,81.png,20261024,5,384,True,True,121,9389.84197630542,0.9966345578231293,0.9966345578231293,"[0.9966345578231293, 0.9966345578231293, 0.9966345578231293, 0.9966345578231293, 0.9966345578231293]",False,479.561,,both,True,0
complex,20,80.png,20261025,5,384,True,True,155,11639.695648157502,0.9997405994550409,0.9996577656675749,"[0.9996577656675749, 0.9996577656675749, 0.9996577656675749, 0.9998648501362398, 0.9998648501362398]",False,612.952,,both,True,0
complex,21,8.png,20261026,5,384,True,True,102,7678.865519096299,0.9999201109570042,0.9999201109570042,"[0.9999201109570042, 0.9999201109570042, 0.9999201109570042, 0.9999201109570042, 0.9999201109570042]",False,320.65,,both,True,0
complex,22,79.png,20261027,5,384,True,False,384,22030.878961458733,0.9903642506811989,0.9524555858310627,"[0.99981689373297, 0.999849591280654, 0.9524555858310627, 0.999849591280654, 0.999849591280654]",False,1428.195,,both,True,0
complex,23,78.png,20261028,5,384,True,True,202,15964.339111359212,0.9999325301204818,0.9999325301204819,"[0.9999325301204819, 0.9999325301204819, 0.9999325301204819, 0.9999325301204819, 0.9999325301204819]",False,854.57,,both,True,0
complex,24,77.png,20261029,5,384,True,True,116,9253.278247615643,0.995550843373494,0.995550843373494,"[0.995550843373494, 0.995550843373494, 0.995550843373494, 0.995550843373494, 0.995550843373494]",False,451.614,,both,True,0
complex,25,76.png,20261030,5,384,True,True,123,9271.405404797883,0.999935047361299,0.999935047361299,"[0.999935047361299, 0.999935047361299, 0.999935047361299, 0.999935047361299, 0.999935047361299]",False,448.151,,both,True,0
complex,26,75.png,20261031,5,384,True,True,133,10571.561731859278,0.9999480378890391,0.9999480378890392,"[0.9999480378890392, 0.9999480378890392, 0.9999480378890392, 0.9999480378890392, 0.9999480378890392]",True,568.87,,both,True,0
complex,27,74.png,20261032,5,384,True,True,135,11473.235160135411,0.999960049937578,0.999960049937578,"[0.999960049937578, 0.999960049937578, 0.999960049937578, 0.999960049937578, 0.999960049937578]",True,554.688,,both,True,0
complex,28,73.png,20261033,5,384,True,False,384,22633.96343867301,0.9433588014981273,0.9433588014981273,"[0.9433588014981273, 0.9433588014981273, 0.9433588014981273, 0.9433588014981273, 0.9433588014981273]",False,1522.265,,both,True,0
complex,29,72.png,20261034,5,384,True,True,139,11053.557636752092,0.9999976266996292,0.9999881334981459,"[0.9999881334981459, 1.0, 1.0, 1.0, 1.0]",False,645.697,,both,True,0
complex,30,71.png,20261035,5,384,True,True,99,7152.022633113791,0.9925537700865267,0.9925537700865266,"[0.9925537700865266, 0.9925537700865266, 0.9925537700865266, 0.9925537700865266, 0.9925537700865266]",False,404.407,,both,True,0
complex,31,70.png,20261036,5,384,True,True,193,14808.63770682193,0.9999569230769231,0.9999569230769231,"[0.9999569230769231, 0.9999569230769231, 0.9999569230769231, 0.9999569230769231, 0.9999569230769231]",False,888.372,,both,True,0
complex,32,7.png,20261037,5,384,True,False,384,18931.676025695862,0.9629381414701804,0.9629381414701803,"[0.9629381414701803, 0.9629381414701803, 0.9629381414701803, 0.9629381414701803, 0.9629381414701803]",False,1428.601,,both,True,0
complex,33,69.png,20261038,5,384,True,True,166,12583.79550412899,0.998979282051282,0.9979589743589744,"[0.9996594871794872, 0.9996594871794872, 0.9996594871794872, 0.9979589743589744, 0.9979589743589744]",False,714.417,,both,True,0
complex,34,68.png,20261039,5,384,True,True,108,7330.424835528729,0.9919954992967652,0.9919954992967651,"[0.9919954992967651, 0.9919954992967651, 0.9919954992967651, 0.9919954992967651, 0.9919954992967651]",True,391.893,,both,True,0
complex,35,67.png,20261040,5,384,True,True,100,6627.96433551085,0.9999932489451476,0.9999932489451476,"[0.9999932489451476, 0.9999932489451476, 0.9999932489451476, 0.9999932489451476, 0.9999932489451476]",False,329.579,,both,True,0
complex,36,66.png,20261041,5,384,True,True,243,15806.282210605115,0.9999691228070174,0.9999578947368422,"[0.9999719298245614, 0.9999719298245614, 0.9999578947368422, 0.9999719298245614, 0.9999719298245614]",False,864.525,,both,True,0
complex,37,65.png,20261042,5,384,True,False,384,19612.817873603493,0.9838058479532164,0.9797473684210526,"[0.9797777777777777, 0.9999298245614036, 0.979787134502924, 0.9797473684210526, 0.979787134502924]",False,1367.129,,both,True,0
complex,38,64.png,20261043,5,384,True,True,111,7332.1843972619545,0.9999563636363635,0.9999563636363636,"[0.9999563636363636, 0.9999563636363636, 0.9999563636363636, 0.9999563636363636, 0.9999563636363636]",True,354.791,,both,True,0
complex,39,63.png,20261044,5,384,True,True,149,10475.829502552424,0.9998642424242424,0.9998642424242424,"[0.9998642424242424, 0.9998642424242424, 0.9998642424242424, 0.9998642424242424, 0.9998642424242424]",True,486.559,,both,True,0
complex,40,62.png,20261045,5,384,True,True,130,10252.509916856288,0.9999860058309038,0.9999860058309038,"[0.9999860058309038, 0.9999860058309038, 0.9999860058309038, 0.9999860058309038, 0.9999860058309038]",True,467.636,,both,True,0
complex,41,61.png,20261046,5,384,True,True,86,6043.350140392416,0.9997900874635569,0.9997900874635568,"[0.9997900874635568, 0.9997900874635568, 0.9997900874635568, 0.9997900874635568, 0.9997900874635568]",False,279.029,,both,True,0
complex,42,60.png,20261047,5,384,True,True,134,10361.77723398202,0.9999940298507463,0.9999940298507463,"[0.9999940298507463, 0.9999940298507463, 0.9999940298507463, 0.9999940298507463, 0.9999940298507463]",True,541.032,,both,True,0
complex,43,6.png,20261048,5,384,True,True,131,9123.737320859547,0.9998761120263591,0.9998761120263592,"[0.9998761120263592, 0.9998761120263592, 0.9998761120263592, 0.9998761120263592, 0.9998761120263592]",True,391.61,,both,True,0
complex,44,59.png,20261049,5,384,True,True,95,7464.2953190011285,0.9999144278606964,0.9999144278606965,"[0.9999144278606965, 0.9999144278606965, 0.9999144278606965, 0.9999144278606965, 0.9999144278606965]",False,418.176,,both,True,0
complex,45,58.png,20261050,5,384,True,True,94,7154.096453163729,0.9992368038740921,0.999236803874092,"[0.999236803874092, 0.999236803874092, 0.999236803874092, 0.999236803874092, 0.999236803874092]",True,407.232,,both,True,0
complex,46,57.png,20261051,5,384,True,True,167,12932.452387059495,0.9999302663438258,0.9999205811138014,"[0.9999690072639226, 0.9999205811138014, 0.9999205811138014, 0.9999205811138014, 0.9999205811138014]",False,735.254,,both,True,0
complex,47,56.png,20261052,5,384,True,True,238,20567.712137254002,0.9999980906921241,0.9999980906921241,"[0.9999980906921241, 0.9999980906921241, 0.9999980906921241, 0.9999980906921241, 0.9999980906921241]",False,1173.431,,both,True,0
complex,48,55.png,20261053,5,384,True,False,384,25979.434987349676,0.9934690214797136,0.9673756563245823,"[0.9999923627684965, 0.9999923627684965, 0.9999923627684965, 0.9999923627684965, 0.9673756563245823]",False,1500.495,,both,True,0
complex,49,54.png,20261054,5,384,True,True,155,9944.052247544902,0.9999644444444444,0.9999644444444444,"[0.9999644444444444, 0.9999644444444444, 0.9999644444444444, 0.9999644444444444, 0.9999644444444444]",False,467.493,,both,True,0
complex,50,53.png,20261055,5,384,True,True,83,5526.84937656359,0.9938285714285714,0.9938285714285714,"[0.9938285714285714, 0.9938285714285714, 0.9938285714285714, 0.9938285714285714, 0.9938285714285714]",True,240.606,,both,True,0
complex,51,52.png,20261056,5,384,True,True,132,11104.771538883428,0.9998736516129032,0.9998472258064516,"[0.9998472258064516, 0.9998802580645161, 0.9998802580645161, 0.9998802580645161, 0.9998802580645161]",False,588.148,,both,True,0
complex,52,51.png,20261057,5,384,True,True,126,9592.29901579042,0.991300129032258,0.9913001290322581,"[0.9913001290322581, 0.9913001290322581, 0.9913001290322581, 0.9913001290322581, 0.9913001290322581]",False,575.061,,both,True,0
complex,53,500.png,20261058,5,384,True,True,118,10340.477106848051,0.9980244311377244,0.9980244311377245,"[0.9980244311377245, 0.9980244311377245, 0.9980244311377245, 0.9980244311377245, 0.9980244311377245]",False,487.249,,both,True,0
complex,54,50.png,20261059,5,384,True,True,101,9021.336279014664,0.9928837744533947,0.992506329113924,"[0.992506329113924, 0.992506329113924, 0.992506329113924, 0.992506329113924, 0.9943935558112773]",False,472.908,,both,True,0
complex,55,5.png,20261060,5,384,True,True,74,4945.570528701731,0.9997706754530478,0.9997706754530478,"[0.9997706754530478, 0.9997706754530478, 0.9997706754530478, 0.9997706754530478, 0.9997706754530478]",False,209.737,,both,True,0
complex,56,499.png,20261061,5,384,True,True,104,8152.023054617024,0.9959434730538922,0.9959434730538922,"[0.9959434730538922, 0.9959434730538922, 0.9959434730538922, 0.9959434730538922, 0.9959434730538922]",True,485.644,,both,True,0
complex,57,498.png,20261062,5,384,True,True,88,6310.895945654007,0.9999929618768328,0.9999929618768328,"[0.9999929618768328, 0.9999929618768328, 0.9999929618768328, 0.9999929618768328, 0.9999929618768328]",True,245.825,,both,True,0
complex,58,497.png,20261063,5,384,True,True,133,10359.90078544252,0.9999530791788857,0.9999530791788857,"[0.9999530791788857, 0.9999530791788857, 0.9999530791788857, 0.9999530791788857, 0.9999530791788857]",False,485.57,,both,True,0
complex,59,496.png,20261064,5,384,True,True,166,12394.320435505428,0.9999451910408432,0.9999451910408432,"[0.9999451910408432, 0.9999451910408432, 0.9999451910408432, 0.9999451910408432, 0.9999451910408432]",False,615.918,,both,True,0
complex,60,495.png,20261065,5,384,True,True,233,15373.797608183204,0.9999270619235837,0.9998924901185771,"[0.9998924901185771, 0.9998924901185771, 0.9999789196310935, 0.9998924901185771, 0.9999789196310935]",False,851.019,,both,True,0
complex,61,494.png,20261066,5,384,True,True,151,11015.752337783932,0.9999000995024876,0.9998985074626866,"[0.9998985074626866, 0.9998985074626866, 0.999902487562189, 0.9998985074626866, 0.999902487562189]",False,665.647,,both,True,0
complex,62,493.png,20261067,5,384,True,True,112,8440.790003422588,0.9931323383084576,0.9931323383084577,"[0.9931323383084577, 0.9931323383084577, 0.9931323383084577, 0.9931323383084577, 0.9931323383084577]",False,428.813,,both,True,0
complex,63,492.png,20261068,5,384,True,True,200,15274.026528470642,1.0,1.0,"[1.0, 1.0, 1.0, 1.0, 1.0]",False,684.355,,both,True,0
complex,64,491.png,20261069,5,384,True,True,108,8653.122735437393,0.9998903790087464,0.9998903790087463,"[0.9998903790087463, 0.9998903790087463, 0.9998903790087463, 0.9998903790087463, 0.9998903790087463]",False,380.769,,both,True,0
complex,65,490.png,20261070,5,384,True,False,384,22485.094407272583,0.9575766136034733,0.9292966714905934,"[0.9292966714905934, 0.9292966714905934, 0.9999976845151953, 0.9999953690303908, 0.9292966714905934]",False,1234.708,,both,True,0
complex,66,49.png,20261071,5,384,True,True,104,8427.027075507025,0.9980221864211737,0.9975401611047181,"[0.9999502876869966, 0.9975401611047181, 0.9975401611047181, 0.9975401611047181, 0.9975401611047181]",False,476.019,,both,True,0
complex,67,489.png,20261072,5,384,True,True,155,12437.949997544012,0.9999976845151954,0.9999976845151953,"[0.9999976845151953, 0.9999976845151953, 0.9999976845151953, 0.9999976845151953, 0.9999976845151953]",False,533.277,,both,True,0
complex,68,488.png,20261073,5,384,True,True,72,4743.490387884147,0.9902068111455108,0.9902068111455108,"[0.9902068111455108, 0.9902068111455108, 0.9902068111455108, 0.9902068111455108, 0.9902068111455108]",True,237.729,,both,True,0
complex,69,487.png,20261074,5,384,True,True,112,7973.92531482197,0.9998910216718266,0.9998910216718266,"[0.9998910216718266, 0.9998910216718266, 0.9998910216718266, 0.9998910216718266, 0.9998910216718266]",False,409.064,,both,True,0
complex,70,486.png,20261075,5,384,True,True,109,8752.40015372116,0.9956667490729295,0.9956667490729295,"[0.9956667490729295, 0.9956667490729295, 0.9956667490729295, 0.9956667490729295, 0.9956667490729295]",True,455.07,,both,True,0
complex,71,485.png,20261076,5,384,True,True,100,7956.492886309197,0.9901765142150805,0.9901765142150804,"[0.9901765142150804, 0.9901765142150804, 0.9901765142150804, 0.9901765142150804, 0.9901765142150804]",True,427.707,,both,True,0
complex,72,484.png,20261077,5,384,True,True,110,8849.437382793674,0.998869498069498,0.9988694980694981,"[0.9988694980694981, 0.9988694980694981, 0.9988694980694981, 0.9988694980694981, 0.9988694980694981]",True,491.487,,both,True,0
complex,73,483.png,20261078,5,384,True,True,106,7735.659092679402,0.999409009009009,0.999409009009009,"[0.999409009009009, 0.999409009009009, 0.999409009009009, 0.999409009009009, 0.999409009009009]",True,362.575,,both,True,0
complex,74,482.png,20261079,5,384,True,False,384,21677.433928447117,0.9519490744920993,0.9385715575620768,"[0.9385715575620768, 0.9413020316027088, 0.9413020316027088, 0.9999981941309255, 0.9385715575620768]",False,1569.678,,both,True,0
complex,75,481.png,20261080,5,384,True,True,114,9487.776313343827,0.9971214446952595,0.9971214446952595,"[0.9971214446952595, 0.9971214446952595, 0.9971214446952595, 0.9971214446952595, 0.9971214446952595]",False,494.244,,both,True,0
complex,76,480.png,20261081,5,384,True,True,152,11044.810638771954,0.9913261656050956,0.9913253503184714,"[0.9913253503184714, 0.9913273885350319, 0.9913273885350319, 0.9913253503184714, 0.9913253503184714]",False,592.772,,both,True,0
complex,77,48.png,20261082,5,384,True,True,278,16593.286449285373,0.9916290445859872,0.9916290445859872,"[0.9916290445859872, 0.9916290445859872, 0.9916290445859872, 0.9916290445859872, 0.9916290445859872]",True,967.731,,both,True,0
complex,78,479.png,20261083,5,384,True,True,160,12184.202959407134,0.9999796178343949,0.9999796178343949,"[0.9999796178343949, 0.9999796178343949, 0.9999796178343949, 0.9999796178343949, 0.9999796178343949]",False,598.643,,both,True,0
complex,79,478.png,20261084,5,384,True,False,384,19127.57221892361,0.985470358974359,0.9831015384615385,"[0.9831015384615385, 0.994945641025641, 0.9831015384615385, 0.9831015384615385, 0.9831015384615385]",False,1205.624,,both,True,0
complex,80,477.png,20261085,5,384,True,True,135,9986.559335990156,0.9937989743589742,0.9937989743589744,"[0.9937989743589744, 0.9937989743589744, 0.9937989743589744, 0.9937989743589744, 0.9937989743589744]",False,588.608,,both,True,0
complex,81,476.png,20261086,5,384,True,True,109,8005.47127037158,0.9999635388739947,0.9999635388739946,"[0.9999635388739946, 0.9999635388739946, 0.9999635388739946, 0.9999635388739946, 0.9999635388739946]",False,387.189,,both,True,0
complex,82,475.png,20261087,5,384,True,True,185,12571.068808303413,0.9999459517426272,0.9999227882037534,"[0.9999613941018767, 0.9999227882037534, 0.9999613941018767, 0.9999227882037534, 0.9999613941018767]",False,650.929,,both,True,0
complex,83,474.png,20261088,5,384,True,True,141,10553.970553058924,0.9960036180904523,0.9903557788944723,"[0.9997688442211056, 0.9997688442211056, 0.9997688442211056, 0.9903557788944723, 0.9903557788944723]",False,563.99,,both,True,0
complex,84,473.png,20261089,5,384,True,True,136,10063.164983956292,0.9999638190954773,0.9999638190954774,"[0.9999638190954774, 0.9999638190954774, 0.9999638190954774, 0.9999638190954774, 0.9999638190954774]",False,573.604,,both,True,0
complex,85,472.png,20261090,5,384,True,True,196,15746.362907212913,0.9999916104868914,0.9999820224719101,"[0.9999820224719101, 0.9999820224719101, 0.9999980024968789, 0.9999980024968789, 0.9999980024968789]",False,923.885,,both,True,0
complex,86,471.png,20261091,5,384,True,True,99,6769.295893711139,0.9955815230961298,0.9955815230961298,"[0.9955815230961298, 0.9955815230961298, 0.9955815230961298, 0.9955815230961298, 0.9955815230961298]",True,418.72,,both,True,0
complex,87,470.png,20261092,5,384,True,True,182,14750.169904413578,0.9999402298850575,0.9999402298850575,"[0.9999402298850575, 0.9999402298850575, 0.9999402298850575, 0.9999402298850575, 0.9999402298850575]",False,655.808,,both,True,0
complex,88,47.png,20261093,5,384,True,True,112,9085.557305803452,0.9999062420382165,0.9999062420382165,"[0.9999062420382165, 0.9999062420382165, 0.9999062420382165, 0.9999062420382165, 0.9999062420382165]",False,444.331,,both,True,0
complex,89,469.png,20261094,5,384,True,True,167,13129.385839924036,0.9999586206896552,0.9999586206896551,"[0.9999586206896551, 0.9999586206896551, 0.9999586206896551, 0.9999586206896551, 0.9999586206896551]",False,596.881,,both,True,0
complex,90,468.png,20261095,5,384,True,True,123,9286.808263716313,0.996752380952381,0.996752380952381,"[0.996752380952381, 0.996752380952381, 0.996752380952381, 0.996752380952381, 0.996752380952381]",True,447.795,,both,True,0
complex,91,467.png,20261096,5,384,True,True,132,9130.174222782878,0.999904761904762,0.9999047619047619,"[0.9999047619047619, 0.9999047619047619, 0.9999047619047619, 0.9999047619047619, 0.9999047619047619]",False,485.902,,both,True,0
complex,92,466.png,20261097,5,384,True,True,129,9057.084318241827,0.999997366255144,0.9999868312757202,"[1.0, 0.9999868312757202, 1.0, 1.0, 1.0]",False,485.113,,both,True,0
complex,93,465.png,20261098,5,384,True,True,120,8217.183492891752,0.9996426886145404,0.9988279835390946,"[0.999846364883402, 0.999846364883402, 0.999846364883402, 0.9988279835390946, 0.999846364883402]",False,461.808,,both,True,0
complex,94,464.png,20261099,5,384,True,True,163,12697.991735360189,0.9999003544303797,0.9998967088607595,"[0.9999027848101266, 0.9999027848101266, 0.9998967088607595, 0.9998967088607595, 0.9999027848101266]",False,610.097,,both,True,0
complex,95,463.png,20261100,5,384,True,True,119,8521.238520188046,0.9986956962025315,0.9986956962025316,"[0.9986956962025316, 0.9986956962025316, 0.9986956962025316, 0.9986956962025316, 0.9986956962025316]",True,481.913,,both,True,0
complex,96,462.png,20261101,5,384,True,False,384,25281.042847474793,0.9772141689373297,0.9772141689373297,"[0.9772141689373297, 0.9772141689373297, 0.9772141689373297, 0.9772141689373297, 0.9772141689373297]",False,1256.018,,both,True,0
complex,97,461.png,20261102,5,384,True,False,384,20512.489366063503,0.9899836512261582,0.9899836512261581,"[0.9899836512261581, 0.9899836512261581, 0.9899836512261581, 0.9899836512261581, 0.9899836512261581]",True,936.701,,both,True,0
complex,98,460.png,20261103,5,384,True,False,384,20053.393211834613,0.7106513981358189,0.7106513981358189,"[0.7106513981358189, 0.7106513981358189, 0.7106513981358189, 0.7106513981358189, 0.7106513981358189]",True,1382.551,,both,True,0
complex,99,46.png,20261104,5,384,True,True,153,11414.500273984126,0.999970990237099,0.999970990237099,"[0.999970990237099, 0.999970990237099, 0.999970990237099, 0.999970990237099, 0.999970990237099]",False,527.423,,both,True,0
corridor,0,99.png,20261005,4,196,True,True,84,4979.133074990693,0.9999609375,0.9999609375,"[0.9999609375, 0.9999609375, 0.9999609375, 0.9999609375]",True,136.53,,both,True,0
corridor,1,98.png,20261006,4,196,True,True,125,8920.556187857377,1.0,1.0,"[1.0, 1.0, 1.0, 1.0]",True,217.843,,both,True,0
corridor,2,97.png,20261007,4,196,True,True,83,4312.6799959063965,1.0,1.0,"[1.0, 1.0, 1.0, 1.0]",True,140.998,,both,True,0
corridor,3,96.png,20261008,4,196,True,True,67,3560.0221244892023,0.9969765625,0.9969765625,"[0.9969765625, 0.9969765625, 0.9969765625, 0.9969765625]",True,113.327,,both,True,0
corridor,4,95.png,20261009,4,196,True,True,74,5000.258741746526,1.0,1.0,"[1.0, 1.0, 1.0, 1.0]",True,136.495,,both,True,0
corridor,5,94.png,20261010,4,196,True,True,64,3744.472044522584,0.9919296875,0.9919296875,"[0.9919296875, 0.9919296875, 0.9919296875, 0.9919296875]",True,110.382,,both,True,0
corridor,6,93.png,20261011,4,196,True,True,142,7742.684928453557,1.0,1.0,"[1.0, 1.0, 1.0, 1.0]",True,209.528,,both,True,0
corridor,7,92.png,20261012,4,196,True,True,79,4054.6916760062413,1.0,1.0,"[1.0, 1.0, 1.0, 1.0]",True,141.01,,both,True,0
corridor,8,91.png,20261013,4,196,True,True,107,6103.118337404802,1.0,1.0,"[1.0, 1.0, 1.0, 1.0]",True,177.442,,both,True,0
corridor,9,90.png,20261014,4,196,True,True,91,5408.6385462471835,1.0,1.0,"[1.0, 1.0, 1.0, 1.0]",True,165.065,,both,True,0
corridor,10,9.png,20261015,4,196,True,True,79,4632.379360596096,1.0,1.0,"[1.0, 1.0, 1.0, 1.0]",True,134.716,,both,True,0
corridor,11,89.png,20261016,4,196,True,True,69,4295.964173420302,0.9999765625,0.9999765625,"[0.9999765625, 0.9999765625, 0.9999765625, 0.9999765625]",True,119.976,,both,True,0
corridor,12,88.png,20261017,4,196,True,True,76,4285.1333754749385,0.999982421875,0.999953125,"[0.9999921875, 0.999953125, 0.9999921875, 0.9999921875]",False,129.401,,both,True,0
corridor,13,87.png,20261018,4,196,True,True,79,4743.247551387433,1.0,1.0,"[1.0, 1.0, 1.0, 1.0]",False,137.483,,both,True,0
corridor,14,86.png,20261019,4,196,True,True,77,4164.563885302388,1.0,1.0,"[1.0, 1.0, 1.0, 1.0]",False,137.568,,both,True,0
corridor,15,85.png,20261020,4,196,True,True,72,3915.997144286506,1.0,1.0,"[1.0, 1.0, 1.0, 1.0]",False,129.286,,both,True,0
corridor,16,84.png,20261021,4,196,True,True,69,4195.4859304297015,1.0,1.0,"[1.0, 1.0, 1.0, 1.0]",False,133.65,,both,True,0
corridor,17,83.png,20261022,4,196,True,True,64,4010.0302337581297,1.0,1.0,"[1.0, 1.0, 1.0, 1.0]",True,106.255,,both,True,0
corridor,18,82.png,20261023,4,196,True,True,108,6107.367531445623,1.0,1.0,"[1.0, 1.0, 1.0, 1.0]",False,199.762,,both,True,0
corridor,19,81.png,20261024,4,196,True,True,72,4754.587606350126,0.9962421875,0.9962421875,"[0.9962421875, 0.9962421875, 0.9962421875, 0.9962421875]",True,126.865,,both,True,0
corridor,20,80.png,20261025,4,196,True,True,63,3884.107141560802,1.0,1.0,"[1.0, 1.0, 1.0, 1.0]",True,103.863,,both,True,0
corridor,21,8.png,20261026,4,196,True,True,67,3657.3886976567046,0.996078125,0.996078125,"[0.996078125, 0.996078125, 0.996078125, 0.996078125]",True,112.924,,both,True,0
corridor,22,79.png,20261027,4,196,True,True,75,4526.734888808151,0.9999609375,0.9999609375,"[0.9999609375, 0.9999609375, 0.9999609375, 0.9999609375]",True,127.155,,both,True,0
corridor,23,78.png,20261028,4,196,True,False,196,8530.809453400567,0.7775625,0.7775625,"[0.7775625, 0.7775625, 0.7775625, 0.7775625]",True,300.445,,both,True,0
corridor,24,77.png,20261029,4,196,True,True,76,4145.415066567296,0.992328125,0.992328125,"[0.992328125, 0.992328125, 0.992328125, 0.992328125]",True,133.829,,both,True,0
corridor,25,76.png,20261030,4,196,True,True,79,4793.6751542982565,0.9999453125,0.9999453125,"[0.9999453125, 0.9999453125, 0.9999453125, 0.9999453125]",True,149.065,,both,True,0
corridor,26,75.png,20261031,4,196,True,True,76,5340.069980218028,1.0,1.0,"[1.0, 1.0, 1.0, 1.0]",False,145.571,,both,True,0
corridor,27,74.png,20261032,4,196,True,True,115,6875.567010375139,1.0,1.0,"[1.0, 1.0, 1.0, 1.0]",False,185.412,,both,True,0
corridor,28,73.png,20261033,4,196,True,False,196,11716.753012091987,0.9160058593750001,0.8880078125,"[0.8880078125, 0.8880078125, 1.0, 0.8880078125]",False,261.933,,both,True,0
corridor,29,72.png,20261034,4,196,True,True,75,4441.72183929654,1.0,1.0,"[1.0, 1.0, 1.0, 1.0]",False,123.802,,both,True,0
corridor,30,71.png,20261035,4,196,True,True,81,4678.727928400129,1.0,1.0,"[1.0, 1.0, 1.0, 1.0]",False,141.273,,both,True,0
corridor,31,70.png,20261036,4,196,True,True,107,5976.029282424045,1.0,1.0,"[1.0, 1.0, 1.0, 1.0]",False,181.196,,both,True,0
corridor,32,7.png,20261037,4,196,True,True,89,5254.264064761417,0.999984375,0.999984375,"[0.999984375, 0.999984375, 0.999984375, 0.999984375]",False,149.158,,both,True,0
corridor,33,69.png,20261038,4,196,True,True,74,3553.540925440836,1.0,1.0,"[1.0, 1.0, 1.0, 1.0]",False,125.268,,both,True,0
corridor,34,68.png,20261039,4,196,True,True,84,4567.170041019287,1.0,1.0,"[1.0, 1.0, 1.0, 1.0]",True,153.497,,both,True,0
corridor,35,67.png,20261040,4,196,True,True,74,3915.3362584498036,0.9999296875,0.9999296875,"[0.9999296875, 0.9999296875, 0.9999296875, 0.9999296875]",False,137.102,,both,True,0
corridor,36,66.png,20261041,4,196,True,True,80,4601.328627271463,1.0,1.0,"[1.0, 1.0, 1.0, 1.0]",False,132.693,,both,True,0
corridor,37,65.png,20261042,4,196,True,True,60,3228.6053836313877,1.0,1.0,"[1.0, 1.0, 1.0, 1.0]",False,106.055,,both,True,0
corridor,38,64.png,20261043,4,196,True,True,72,4275.711459407534,1.0,1.0,"[1.0, 1.0, 1.0, 1.0]",False,124.051,,both,True,0
corridor,39,63.png,20261044,4,196,True,True,122,6991.981198809443,1.0,1.0,"[1.0, 1.0, 1.0, 1.0]",False,198.441,,both,True,0
corridor,40,62.png,20261045,4,196,True,True,84,5791.252964914407,1.0,1.0,"[1.0, 1.0, 1.0, 1.0]",False,143.978,,both,True,0
corridor,41,61.png,20261046,4,196,True,True,64,3527.2274489803813,1.0,1.0,"[1.0, 1.0, 1.0, 1.0]",False,109.462,,both,True,0
corridor,42,60.png,20261047,4,196,True,True,73,4162.908011849649,1.0,1.0,"[1.0, 1.0, 1.0, 1.0]",False,131.837,,both,True,0
corridor,43,6.png,20261048,4,196,True,True,70,4544.34469676239,1.0,1.0,"[1.0, 1.0, 1.0, 1.0]",True,117.97,,both,True,0
corridor,44,59.png,20261049,4,196,True,True,94,5147.817597118827,1.0,1.0,"[1.0, 1.0, 1.0, 1.0]",False,161.929,,both,True,0
corridor,45,58.png,20261050,4,196,True,True,70,3956.412522455502,1.0,1.0,"[1.0, 1.0, 1.0, 1.0]",False,116.913,,both,True,0
corridor,46,57.png,20261051,4,196,True,True,83,5272.9745501401985,1.0,1.0,"[1.0, 1.0, 1.0, 1.0]",False,140.491,,both,True,0
corridor,47,56.png,20261052,4,196,True,True,138,7660.787317427038,1.0,1.0,"[1.0, 1.0, 1.0, 1.0]",False,217.414,,both,True,0
corridor,48,55.png,20261053,4,196,True,True,62,3587.1480794018107,1.0,1.0,"[1.0, 1.0, 1.0, 1.0]",False,108.579,,both,True,0
corridor,49,54.png,20261054,4,196,True,True,75,3830.122681825863,0.996078125,0.996078125,"[0.996078125, 0.996078125, 0.996078125, 0.996078125]",True,142.675,,both,True,0
corridor,50,53.png,20261055,4,196,True,True,57,3546.711252081251,0.9999921875,0.9999921875,"[0.9999921875, 0.9999921875, 0.9999921875, 0.9999921875]",True,107.176,,both,True,0
corridor,51,52.png,20261056,4,196,True,True,134,7156.78044287666,1.0,1.0,"[1.0, 1.0, 1.0, 1.0]",False,215.459,,both,True,0
corridor,52,51.png,20261057,4,196,True,True,83,4907.185068047818,1.0,1.0,"[1.0, 1.0, 1.0, 1.0]",True,137.209,,both,True,0
corridor,53,50.png,20261058,4,196,True,True,77,4083.5894459473234,1.0,1.0,"[1.0, 1.0, 1.0, 1.0]",True,138.695,,both,True,0
corridor,54,5.png,20261059,4,196,True,True,71,4379.695166852845,1.0,1.0,"[1.0, 1.0, 1.0, 1.0]",False,113.651,,both,True,0
corridor,55,49.png,20261060,4,196,True,True,104,6517.569764857229,1.0,1.0,"[1.0, 1.0, 1.0, 1.0]",True,174.962,,both,True,0
corridor,56,48.png,20261061,4,196,True,True,86,4577.6815601672815,0.9903515625,0.9903515625,"[0.9903515625, 0.9903515625, 0.9903515625, 0.9903515625]",True,155.076,,both,True,0
corridor,57,47.png,20261062,4,196,True,True,86,4838.537181974313,1.0,1.0,"[1.0, 1.0, 1.0, 1.0]",False,146.139,,both,True,0
corridor,58,46.png,20261063,4,196,True,True,68,4619.994807319124,1.0,1.0,"[1.0, 1.0, 1.0, 1.0]",False,116.879,,both,True,0
corridor,59,45.png,20261064,4,196,True,True,73,4430.048661682266,1.0,1.0,"[1.0, 1.0, 1.0, 1.0]",False,125.1,,both,True,0
corridor,60,44.png,20261065,4,196,True,True,78,4373.3040939521325,1.0,1.0,"[1.0, 1.0, 1.0, 1.0]",False,132.23,,both,True,0
corridor,61,43.png,20261066,4,196,True,True,86,4671.063772588433,1.0,1.0,"[1.0, 1.0, 1.0, 1.0]",False,155.707,,both,True,0
corridor,62,42.png,20261067,4,196,True,True,68,4328.7729539403,1.0,1.0,"[1.0, 1.0, 1.0, 1.0]",True,127.471,,both,True,0
corridor,63,41.png,20261068,4,196,True,True,121,7193.669226901784,1.0,1.0,"[1.0, 1.0, 1.0, 1.0]",False,203.167,,both,True,0
corridor,64,400.png,20261069,4,196,True,False,196,12488.561076488484,0.889107421875,0.5564296875,"[1.0, 0.5564296875, 1.0, 1.0]",False,277.964,,both,True,0
corridor,65,40.png,20261070,4,196,True,True,76,4124.926381916039,0.9999921875,0.9999921875,"[0.9999921875, 0.9999921875, 0.9999921875, 0.9999921875]",True,140.909,,both,True,0
corridor,66,4.png,20261071,4,196,True,True,84,5265.844493534915,0.999953125,0.999953125,"[0.999953125, 0.999953125, 0.999953125, 0.999953125]",True,147.206,,both,True,0
corridor,67,399.png,20261072,4,196,True,True,124,8520.768723569952,1.0,1.0,"[1.0, 1.0, 1.0, 1.0]",False,230.719,,both,True,0
corridor,68,398.png,20261073,4,196,True,True,90,5228.99007480488,1.0,1.0,"[1.0, 1.0, 1.0, 1.0]",True,151.272,,both,True,0
corridor,69,397.png,20261074,4,196,True,True,76,3599.7663398301984,0.9999921875,0.9999921875,"[0.9999921875, 0.9999921875, 0.9999921875, 0.9999921875]",False,138.214,,both,True,0
corridor,70,396.png,20261075,4,196,True,True,92,6236.686788342002,1.0,1.0,"[1.0, 1.0, 1.0, 1.0]",True,146.651,,both,True,0
corridor,71,395.png,20261076,4,196,True,True,78,4676.3436860959855,0.9964296875,0.9964296875,"[0.9964296875, 0.9964296875, 0.9964296875, 0.9964296875]",True,136.916,,both,True,0
corridor,72,394.png,20261077,4,196,True,True,80,4125.852133385896,0.99615625,0.99615625,"[0.99615625, 0.99615625, 0.99615625, 0.99615625]",True,126.911,,both,True,0
corridor,73,393.png,20261078,4,196,True,False,196,13024.977705039457,0.9155390625,0.9155390625,"[0.9155390625, 0.9155390625, 0.9155390625, 0.9155390625]",True,316.159,,both,True,0
corridor,74,392.png,20261079,4,196,True,True,93,5474.302579878192,1.0,1.0,"[1.0, 1.0, 1.0, 1.0]",True,166.04,,both,True,0
corridor,75,391.png,20261080,4,196,True,True,69,3673.3013202861675,1.0,1.0,"[1.0, 1.0, 1.0, 1.0]",True,114.775,,both,True,0
corridor,76,390.png,20261081,4,196,True,False,196,10843.763797929672,0.85246875,0.85246875,"[0.85246875, 0.85246875, 0.85246875, 0.85246875]",False,286.736,,both,True,0
corridor,77,39.png,20261082,4,196,True,True,74,4463.740459561739,1.0,1.0,"[1.0, 1.0, 1.0, 1.0]",False,133.243,,both,True,0
corridor,78,389.png,20261083,4,196,True,False,196,8080.538670389432,0.618625,0.618625,"[0.618625, 0.618625, 0.618625, 0.618625]",True,284.619,,both,True,0
corridor,79,388.png,20261084,4,196,True,True,111,6377.728650207671,1.0,1.0,"[1.0, 1.0, 1.0, 1.0]",False,190.354,,both,True,0
corridor,80,387.png,20261085,4,196,True,True,77,4469.7400643937735,1.0,1.0,"[1.0, 1.0, 1.0, 1.0]",True,136.08,,both,True,0
corridor,81,386.png,20261086,4,196,True,True,62,3822.859485417257,0.99228125,0.99228125,"[0.99228125, 0.99228125, 0.99228125, 0.99228125]",True,98.165,,both,True,0
corridor,82,385.png,20261087,4,196,True,True,73,4043.289653294091,1.0,1.0,"[1.0, 1.0, 1.0, 1.0]",False,126.354,,both,True,0
corridor,83,384.png,20261088,4,196,True,True,83,4545.497842328948,1.0,1.0,"[1.0, 1.0, 1.0, 1.0]",True,136.479,,both,True,0
corridor,84,383.png,20261089,4,196,True,True,71,3755.8516576064617,1.0,1.0,"[1.0, 1.0, 1.0, 1.0]",False,130.41,,both,True,0
corridor,85,382.png,20261090,4,196,True,True,68,3605.7354822952334,0.9983671875,0.9983671875,"[0.9983671875, 0.9983671875, 0.9983671875, 0.9983671875]",True,106.441,,both,True,0
corridor,86,381.png,20261091,4,196,True,True,83,4527.985618720407,1.0,1.0,"[1.0, 1.0, 1.0, 1.0]",False,139.602,,both,True,0
corridor,87,380.png,20261092,4,196,True,True,85,5163.239865747617,1.0,1.0,"[1.0, 1.0, 1.0, 1.0]",False,140.736,,both,True,0
corridor,88,38.png,20261093,4,196,True,True,76,3784.3154798200076,1.0,1.0,"[1.0, 1.0, 1.0, 1.0]",True,130.718,,both,True,0
corridor,89,379.png,20261094,4,196,True,True,130,6649.795723970048,0.9999609375,0.9999609375,"[0.9999609375, 0.9999609375, 0.9999609375, 0.9999609375]",False,230.286,,both,True,0
corridor,90,378.png,20261095,4,196,True,False,196,10409.316545719754,0.632734375,0.5103125,"[0.5103125, 1.0, 0.5103125, 0.5103125]",False,250.071,,both,True,0
corridor,91,377.png,20261096,4,196,True,True,80,4951.317801358018,1.0,1.0,"[1.0, 1.0, 1.0, 1.0]",True,139.542,,both,True,0
corridor,92,376.png,20261097,4,196,True,True,70,3761.3210898599077,1.0,1.0,"[1.0, 1.0, 1.0, 1.0]",True,119.757,,both,True,0
corridor,93,375.png,20261098,4,196,True,False,196,10728.739317872109,0.9520234375,0.9520234375,"[0.9520234375, 0.9520234375, 0.9520234375, 0.9520234375]",False,306.922,,both,True,0
corridor,94,374.png,20261099,4,196,True,True,77,3975.3022322780366,1.0,1.0,"[1.0, 1.0, 1.0, 1.0]",True,143.822,,both,True,0
corridor,95,373.png,20261100,4,196,True,True,68,4308.454685819494,0.992203125,0.992203125,"[0.992203125, 0.992203125, 0.992203125, 0.992203125]",True,117.216,,both,True,0
corridor,96,372.png,20261101,4,196,True,True,80,4234.177737314356,0.999953125,0.999953125,"[0.999953125, 0.999953125, 0.999953125, 0.999953125]",True,155.632,,both,True,0
corridor,97,371.png,20261102,4,196,True,True,64,3901.942043680647,1.0,1.0,"[1.0, 1.0, 1.0, 1.0]",True,112.674,,both,True,0
corridor,98,370.png,20261103,4,196,True,True,79,4616.947702398749,1.0,1.0,"[1.0, 1.0, 1.0, 1.0]",False,143.736,,both,True,0
corridor,99,37.png,20261104,4,196,True,True,61,4350.437965042207,1.0,1.0,"[1.0, 1.0, 1.0, 1.0]",False,99.768,,both,True,0
hybrid,0,99.png,20261005,4,196,True,True,48,2206.865001633915,0.9997123595505618,0.9997123595505618,"[0.9997123595505618, 0.9997123595505618, 0.9997123595505618, 0.9997123595505618]",False,99.874,,both,True,0
hybrid,1,98.png,20261006,4,196,True,True,55,2981.8008788625602,0.9999820224719101,0.9999820224719101,"[0.9999820224719101, 0.9999820224719101, 0.9999820224719101, 0.9999820224719101]",False,116.08,,both,True,0
hybrid,2,97.png,20261007,4,196,True,True,52,2248.3516542297857,0.999847191011236,0.999847191011236,"[0.999847191011236, 0.999847191011236, 0.999847191011236, 0.999847191011236]",True,122.151,,both,True,0
hybrid,3,96.png,20261008,4,196,True,True,45,2441.694689363664,0.9999147928994083,0.9999147928994083,"[0.9999147928994083, 0.9999147928994083, 0.9999147928994083, 0.9999147928994083]",True,112.205,,both,True,0
hybrid,4,95.png,20261009,4,196,True,True,78,3454.439490200932,0.9975692307692308,0.9904473372781065,"[0.9999431952662722, 0.9999431952662722, 0.9904473372781065, 0.9999431952662722]",False,179.112,,both,True,0
hybrid,5,94.png,20261010,4,196,True,True,39,1560.347382569465,0.9998863905325444,0.9998863905325444,"[0.9998863905325444, 0.9998863905325444, 0.9998863905325444, 0.9998863905325444]",True,91.386,,both,True,0
hybrid,6,93.png,20261011,4,196,True,True,45,2054.2371715718873,0.9958245161290323,0.9957574193548387,"[0.9957574193548387, 0.9957574193548387, 0.9957574193548387, 0.9960258064516129]",False,100.334,,both,True,0
hybrid,7,92.png,20261012,4,196,True,True,37,1903.531981410033,0.9999147928994083,0.9999147928994083,"[0.9999147928994083, 0.9999147928994083, 0.9999147928994083, 0.9999147928994083]",True,91.433,,both,True,0
hybrid,8,91.png,20261013,4,196,True,True,49,2636.2029689568235,0.9999475409836066,0.9999475409836066,"[0.9999475409836066, 0.9999475409836066, 0.9999475409836066, 0.9999475409836066]",True,125.076,,both,True,0
hybrid,9,90.png,20261014,4,196,True,True,51,2738.9638094675315,0.9992655737704919,0.9992655737704919,"[0.9992655737704919, 0.9992655737704919, 0.9992655737704919, 0.9992655737704919]",True,127.23,,both,True,0
hybrid,10,9.png,20261015,4,196,True,True,67,3641.919191153177,1.0,1.0,"[1.0, 1.0, 1.0, 1.0]",True,143.111,,both,True,0
hybrid,11,89.png,20261016,4,196,True,True,40,2042.215961613496,0.9932065573770492,0.9932065573770492,"[0.9932065573770492, 0.9932065573770492, 0.9932065573770492, 0.9932065573770492]",True,89.416,,both,True,0
hybrid,12,88.png,20261017,4,196,True,True,42,2407.8475095822514,1.0,1.0,"[1.0, 1.0, 1.0, 1.0]",True,105.025,,both,True,0
hybrid,13,87.png,20261018,4,196,True,True,53,2283.1691525250744,0.994591812865497,0.994591812865497,"[0.994591812865497, 0.994591812865497, 0.994591812865497, 0.994591812865497]",True,121.983,,both,True,0
hybrid,14,86.png,20261019,4,196,True,True,74,3837.5839996164473,1.0,1.0,"[1.0, 1.0, 1.0, 1.0]",False,164.84,,both,True,0
hybrid,15,85.png,20261020,4,196,True,True,44,1901.620791494147,0.9929450292397661,0.9929450292397661,"[0.9929450292397661, 0.9929450292397661, 0.9929450292397661, 0.9929450292397661]",True,100.06,,both,True,0
hybrid,16,84.png,20261021,4,196,True,True,86,5083.766792925035,1.0,1.0,"[1.0, 1.0, 1.0, 1.0]",False,193.505,,both,True,0
hybrid,17,83.png,20261022,4,196,True,True,46,2314.272117939657,1.0,1.0,"[1.0, 1.0, 1.0, 1.0]",True,104.054,,both,True,0
hybrid,18,82.png,20261023,4,196,True,True,46,2238.5490477041462,1.0,1.0,"[1.0, 1.0, 1.0, 1.0]",True,96.911,,both,True,0
hybrid,19,81.png,20261024,4,196,True,True,49,2480.265399435294,0.9997239766081871,0.9996070175438596,"[0.9996070175438596, 0.9996070175438596, 0.9998409356725146, 0.9998409356725146]",False,116.301,,both,True,0
hybrid,20,80.png,20261025,4,196,True,True,48,2112.523748505101,0.9938526315789473,0.9938526315789473,"[0.9938526315789473, 0.9938526315789473, 0.9938526315789473, 0.9938526315789473]",True,118.618,,both,True,0
hybrid,21,8.png,20261026,4,196,True,True,56,2917.108230597143,1.0,1.0,"[1.0, 1.0, 1.0, 1.0]",True,128.976,,both,True,0
hybrid,22,79.png,20261027,4,196,True,True,63,3577.402563513402,1.0,1.0,"[1.0, 1.0, 1.0, 1.0]",True,148.43,,both,True,0
hybrid,23,78.png,20261028,4,196,True,True,55,2514.3575107688475,1.0,1.0,"[1.0, 1.0, 1.0, 1.0]",False,127.096,,both,True,0
hybrid,24,77.png,20261029,4,196,True,True,43,2137.4058998537143,0.9997677419354839,0.9997677419354839,"[0.9997677419354839, 0.9997677419354839, 0.9997677419354839, 0.9997677419354839]",False,96.77,,both,True,0
hybrid,25,76.png,20261030,4,196,True,True,44,1847.1076787911336,0.9999827956989247,0.9999827956989247,"[0.9999827956989247, 0.9999827956989247, 0.9999827956989247, 0.9999827956989247]",False,96.556,,both,True,0
hybrid,26,75.png,20261031,4,196,True,True,38,1497.598470051612,0.990210752688172,0.990210752688172,"[0.990210752688172, 0.990210752688172, 0.990210752688172, 0.990210752688172]",True,84.214,,both,True,0
hybrid,27,74.png,20261032,4,196,True,True,47,2545.6975815534906,0.9999191011235955,0.9999191011235955,"[0.9999191011235955, 0.9999191011235955, 0.9999191011235955, 0.9999191011235955]",False,106.214,,both,True,0
hybrid,28,73.png,20261033,4,196,True,True,70,3926.373631221792,0.9999505617977529,0.9999011235955056,"[1.0, 1.0, 0.9999011235955056, 0.9999011235955056]",False,160.912,,both,True,0
hybrid,29,72.png,20261034,4,196,True,True,58,3057.385026100445,0.9999820224719101,0.9999820224719101,"[0.9999820224719101, 0.9999820224719101, 0.9999820224719101, 0.9999820224719101]",False,136.002,,both,True,0
hybrid,30,71.png,20261035,4,196,True,True,41,1820.4854640882902,1.0,1.0,"[1.0, 1.0, 1.0, 1.0]",False,87.843,,both,True,0
hybrid,31,70.png,20261036,4,196,True,True,64,2875.4853444692885,0.9931595505617977,0.9931595505617977,"[0.9931595505617977, 0.9931595505617977, 0.9931595505617977, 0.9931595505617977]",True,150.736,,both,True,0
hybrid,32,7.png,20261037,4,196,True,True,64,2618.997060291386,0.9999012345679013,0.9999012345679013,"[0.9999012345679013, 0.9999012345679013, 0.9999012345679013, 0.9999012345679013]",False,146.746,,both,True,0
hybrid,33,69.png,20261038,4,196,True,True,72,3405.642417870155,0.9955606936416185,0.9912231213872832,"[0.9912231213872832, 0.9998982658959538, 0.9912231213872832, 0.9998982658959538]",False,176.929,,both,True,0
hybrid,34,68.png,20261039,4,196,True,True,80,3583.0824782032896,0.9999815028901734,0.9999815028901734,"[0.9999815028901734, 0.9999815028901734, 0.9999815028901734, 0.9999815028901734]",True,185.203,,both,True,0
hybrid,35,67.png,20261040,4,196,True,True,39,2030.37574039437,0.999421965317919,0.9988531791907515,"[0.9999907514450868, 0.9988531791907515, 0.9988531791907515, 0.9999907514450868]",False,92.247,,both,True,0
hybrid,36,66.png,20261041,4,196,True,True,72,3338.6036101739805,0.9999722543352602,0.9999722543352602,"[0.9999722543352602, 0.9999722543352602, 0.9999722543352602, 0.9999722543352602]",False,164.531,,both,True,0
hybrid,37,65.png,20261042,4,196,True,True,43,2383.935685526884,1.0,1.0,"[1.0, 1.0, 1.0, 1.0]",True,86.062,,both,True,0
hybrid,38,64.png,20261043,4,196,True,True,51,2603.388775331095,1.0,1.0,"[1.0, 1.0, 1.0, 1.0]",True,110.372,,both,True,0
hybrid,39,63.png,20261044,4,196,True,True,49,1778.1810912048606,0.9990787878787879,0.9990787878787879,"[0.9990787878787879, 0.9990787878787879, 0.9990787878787879, 0.9990787878787879]",False,98.693,,both,True,0
hybrid,40,62.png,20261045,4,196,True,True,49,2117.0615078065475,0.9989915151515152,0.9989915151515152,"[0.9989915151515152, 0.9989915151515152, 0.9989915151515152, 0.9989915151515152]",True,107.937,,both,True,0
hybrid,41,61.png,20261046,4,196,True,True,45,2060.915814594234,0.9920539325842697,0.9920539325842697,"[0.9920539325842697, 0.9920539325842697, 0.9920539325842697, 0.9920539325842697]",True,111.327,,both,True,0
hybrid,42,60.png,20261047,4,196,True,True,44,2000.9923300933237,0.9985023255813954,0.9985023255813954,"[0.9985023255813954, 0.9985023255813954, 0.9985023255813954, 0.9985023255813954]",True,88.12,,both,True,0
hybrid,43,6.png,20261048,4,196,True,True,54,2868.667489947528,1.0,1.0,"[1.0, 1.0, 1.0, 1.0]",True,123.642,,both,True,0
hybrid,44,59.png,20261049,4,196,True,True,51,2894.4677076999765,0.9999370786516854,0.9999370786516854,"[0.9999370786516854, 0.9999370786516854, 0.9999370786516854, 0.9999370786516854]",True,121.152,,both,True,0
hybrid,45,58.png,20261050,4,196,True,True,45,1853.8363543889973,0.9992539325842696,0.9992539325842696,"[0.9992539325842696, 0.9992539325842696, 0.9992539325842696, 0.9992539325842696]",True,106.069,,both,True,0
hybrid,46,57.png,20261051,4,196,True,True,44,2752.048286490961,0.9983730337078651,0.9983730337078651,"[0.9983730337078651, 0.9983730337078651, 0.9983730337078651, 0.9983730337078651]",False,100.963,,both,True,0
hybrid,47,56.png,20261052,4,196,True,True,50,2195.555592546413,0.9978394904458598,0.9978394904458598,"[0.9978394904458598, 0.9978394904458598, 0.9978394904458598, 0.9978394904458598]",True,115.874,,both,True,0
hybrid,48,55.png,20261053,4,196,True,True,44,2151.77311008582,0.9996535031847134,0.9996535031847134,"[0.9996535031847134, 0.9996535031847134, 0.9996535031847134, 0.9996535031847134]",True,102.189,,both,True,0
hybrid,49,54.png,20261054,4,196,True,True,61,2602.8900453775977,0.999704458598726,0.9996535031847134,"[0.9996535031847134, 0.9996535031847134, 0.9996535031847134, 0.9998573248407643]",False,137.061,,both,True,0
hybrid,50,53.png,20261055,4,196,True,True,43,1805.5294494704945,0.9969936305732484,0.9969936305732484,"[0.9969936305732484, 0.9969936305732484, 0.9969936305732484, 0.9969936305732484]",True,93.575,,both,True,0
hybrid,51,52.png,20261056,4,196,True,True,48,2373.5997430786597,0.9993039548022599,0.9993039548022599,"[0.9993039548022599, 0.9993039548022599, 0.9993039548022599, 0.9993039548022599]",False,117.376,,both,True,0
hybrid,52,51.png,20261057,4,196,True,True,53,2164.824976938401,0.9995028248587571,0.9995028248587571,"[0.9995028248587571, 0.9995028248587571, 0.9995028248587571, 0.9995028248587571]",True,131.482,,both,True,0
hybrid,53,50.png,20261058,4,196,True,True,46,2315.6406777196758,0.9998011299435028,0.9998011299435028,"[0.9998011299435028, 0.9998011299435028, 0.9998011299435028, 0.9998011299435028]",True,103.218,,both,True,0
hybrid,54,5.png,20261059,4,196,True,True,41,2075.4523094479573,0.9982136363636362,0.9961,"[0.9989181818181818, 0.9989181818181818, 0.9961, 0.9989181818181818]",False,97.757,,both,True,0
hybrid,55,49.png,20261060,4,196,True,True,44,2114.531035560367,0.9999441860465116,0.9999441860465116,"[0.9999441860465116, 0.9999441860465116, 0.9999441860465116, 0.9999441860465116]",True,98.537,,both,True,0
hybrid,56,48.png,20261061,4,196,True,True,44,2142.279334201904,0.9998011299435028,0.9998011299435028,"[0.9998011299435028, 0.9998011299435028, 0.9998011299435028, 0.9998011299435028]",False,98.371,,both,True,0
hybrid,57,47.png,20261062,4,196,True,True,45,2220.683405098545,0.9999630057803468,0.9999630057803468,"[0.9999630057803468, 0.9999630057803468, 0.9999630057803468, 0.9999630057803468]",True,109.104,,both,True,0
hybrid,58,46.png,20261063,4,196,True,True,42,2199.286629771894,0.9998520231213873,0.9998520231213873,"[0.9998520231213873, 0.9998520231213873, 0.9998520231213873, 0.9998520231213873]",False,100.763,,both,True,0
hybrid,59,45.png,20261064,4,196,True,True,33,1775.681911897968,0.9996578034682081,0.9996578034682081,"[0.9996578034682081, 0.9996578034682081, 0.9996578034682081, 0.9996578034682081]",True,71.265,,both,True,0
hybrid,60,44.png,20261065,4,196,True,True,43,2608.7076035879527,0.9983445086705203,0.9983445086705203,"[0.9983445086705203, 0.9983445086705203, 0.9983445086705203, 0.9983445086705203]",True,101.078,,both,True,0
hybrid,61,43.png,20261066,4,196,True,True,49,1799.8798827384087,0.9978925714285714,0.9957851428571428,"[1.0, 0.9957851428571428, 0.9957851428571428, 1.0]",False,115.665,,both,True,0
hybrid,62,42.png,20261067,4,196,True,True,46,2391.243647526494,0.9974034285714286,0.9974034285714286,"[0.9974034285714286, 0.9974034285714286, 0.9974034285714286, 0.9974034285714286]",True,89.102,,both,True,0
hybrid,63,41.png,20261068,4,196,True,True,67,2632.2956934071967,0.9999794285714285,0.9999725714285714,"[1.0, 0.9999725714285714, 0.9999725714285714, 0.9999725714285714]",False,145.136,,both,True,0
hybrid,64,400.png,20261069,4,196,True,True,45,2338.7638001440832,0.9997333333333334,0.9997333333333334,"[0.9997333333333334, 0.9997333333333334, 0.9997333333333334, 0.9997333333333334]",True,104.103,,both,True,0
hybrid,65,40.png,20261070,4,196,True,True,54,3007.5896108594516,0.9997805714285715,0.9997805714285715,"[0.9997805714285715, 0.9997805714285715, 0.9997805714285715, 0.9997805714285715]",True,123.314,,both,True,0
hybrid,66,4.png,20261071,4,196,True,True,46,2337.476867912047,1.0,1.0,"[1.0, 1.0, 1.0, 1.0]",True,90.079,,both,True,0
hybrid,67,399.png,20261072,4,196,True,True,34,1743.8208889720986,0.9930844444444444,0.9930844444444444,"[0.9930844444444444, 0.9930844444444444, 0.9930844444444444, 0.9930844444444444]",True,80.455,,both,True,0
hybrid,68,398.png,20261073,4,196,True,True,43,2361.8375670357022,0.9958276243093923,0.9958276243093923,"[0.9958276243093923, 0.9958276243093923, 0.9958276243093923, 0.9958276243093923]",True,101.0,,both,True,0
hybrid,69,397.png,20261074,4,196,True,True,53,2787.011158259773,0.9999817142857143,0.9999817142857143,"[0.9999817142857143, 0.9999817142857143, 0.9999817142857143, 0.9999817142857143]",False,132.01,,both,True,0
hybrid,70,396.png,20261075,4,196,True,True,41,1579.146127653853,0.9982628571428571,0.9982628571428571,"[0.9982628571428571, 0.9982628571428571, 0.9982628571428571, 0.9982628571428571]",False,91.745,,both,True,0
hybrid,71,395.png,20261076,4,196,True,True,46,2220.163852695076,1.0,1.0,"[1.0, 1.0, 1.0, 1.0]",True,109.807,,both,True,0
hybrid,72,394.png,20261077,4,196,True,True,42,2164.1466704979384,0.9991771428571429,0.9991771428571429,"[0.9991771428571429, 0.9991771428571429, 0.9991771428571429, 0.9991771428571429]",True,97.64,,both,True,0
hybrid,73,393.png,20261078,4,196,True,True,34,1621.557460209648,0.9907578947368421,0.9907578947368421,"[0.9907578947368421, 0.9907578947368421, 0.9907578947368421, 0.9907578947368421]",True,71.953,,both,True,0
hybrid,74,392.png,20261079,4,196,True,True,39,1789.6395569409435,0.9919376623376623,0.9919376623376623,"[0.9919376623376623, 0.9919376623376623, 0.9919376623376623, 0.9919376623376623]",True,77.932,,both,True,0
hybrid,75,391.png,20261080,4,196,True,True,50,2861.218500350127,0.99999,0.99999,"[0.99999, 0.99999, 0.99999, 0.99999]",True,113.076,,both,True,0
hybrid,76,390.png,20261081,4,196,True,True,33,1864.8010727986587,0.9977157894736842,0.9977157894736842,"[0.9977157894736842, 0.9977157894736842, 0.9977157894736842, 0.9977157894736842]",False,80.076,,both,True,0
hybrid,77,39.png,20261082,4,196,True,True,51,2317.0454049993405,0.9928858757062147,0.9928858757062147,"[0.9928858757062147, 0.9928858757062147, 0.9928858757062147, 0.9928858757062147]",True,122.461,,both,True,0
hybrid,78,389.png,20261083,4,196,True,True,41,1946.408544379793,0.9998421052631579,0.9998421052631579,"[0.9998421052631579, 0.9998421052631579, 0.9998421052631579, 0.9998421052631579]",True,92.921,,both,True,0
hybrid,79,388.png,20261084,4,196,True,True,36,2006.9341517347902,1.0,1.0,"[1.0, 1.0, 1.0, 1.0]",True,80.137,,both,True,0
hybrid,80,387.png,20261085,4,196,True,True,47,3035.693999908047,1.0,1.0,"[1.0, 1.0, 1.0, 1.0]",True,113.565,,both,True,0
hybrid,81,386.png,20261086,4,196,True,True,63,2886.804010812774,0.9914758620689655,0.9914758620689655,"[0.9914758620689655, 0.9914758620689655, 0.9914758620689655, 0.9914758620689655]",True,146.598,,both,True,0
hybrid,82,385.png,20261087,4,196,True,True,96,4713.866452139432,1.0,1.0,"[1.0, 1.0, 1.0, 1.0]",True,197.735,,both,True,0
hybrid,83,384.png,20261088,4,196,True,True,65,2353.6006240297834,1.0,1.0,"[1.0, 1.0, 1.0, 1.0]",True,142.059,,both,True,0
hybrid,84,383.png,20261089,4,196,True,True,55,2313.9089519881813,1.0,1.0,"[1.0, 1.0, 1.0, 1.0]",True,119.001,,both,True,0
hybrid,85,382.png,20261090,4,196,True,True,49,2358.0688961722767,0.999860465116279,0.999860465116279,"[0.999860465116279, 0.999860465116279, 0.999860465116279, 0.999860465116279]",False,100.659,,both,True,0
hybrid,86,381.png,20261091,4,196,True,True,46,2057.081197294291,0.9996558139534883,0.9996558139534883,"[0.9996558139534883, 0.9996558139534883, 0.9996558139534883, 0.9996558139534883]",True,96.976,,both,True,0
hybrid,87,380.png,20261092,4,196,True,True,65,2585.0293983719785,1.0,1.0,"[1.0, 1.0, 1.0, 1.0]",True,143.913,,both,True,0
hybrid,88,38.png,20261093,4,196,True,True,48,2190.909438755196,0.9999627906976745,0.9999627906976745,"[0.9999627906976745, 0.9999627906976745, 0.9999627906976745, 0.9999627906976745]",False,116.508,,both,True,0
hybrid,89,379.png,20261094,4,196,True,True,73,4416.562087783023,1.0,1.0,"[1.0, 1.0, 1.0, 1.0]",False,139.176,,both,True,0
hybrid,90,378.png,20261095,4,196,True,True,50,2233.6593252513685,0.9929209302325581,0.9929209302325581,"[0.9929209302325581, 0.9929209302325581, 0.9929209302325581, 0.9929209302325581]",True,91.514,,both,True,0
hybrid,91,377.png,20261096,4,196,True,True,47,2316.7698358754415,0.9975829787234043,0.9975829787234043,"[0.9975829787234043, 0.9975829787234043, 0.9975829787234043, 0.9975829787234043]",False,114.492,,both,True,0
hybrid,92,376.png,20261097,4,196,True,True,50,3158.9729123429047,0.9942099447513812,0.9942099447513812,"[0.9942099447513812, 0.9942099447513812, 0.9942099447513812, 0.9942099447513812]",True,126.321,,both,True,0
hybrid,93,375.png,20261098,4,196,True,True,46,1892.6670509537028,0.9998893617021276,0.9998893617021276,"[0.9998893617021276, 0.9998893617021276, 0.9998893617021276, 0.9998893617021276]",True,102.916,,both,True,0
hybrid,94,374.png,20261099,4,196,True,True,52,2925.441324328042,0.999736170212766,0.999736170212766,"[0.999736170212766, 0.999736170212766, 0.999736170212766, 0.999736170212766]",False,122.533,,both,True,0
hybrid,95,373.png,20261100,4,196,True,True,45,2344.1986458232236,0.9999489361702127,0.9999489361702127,"[0.9999489361702127, 0.9999489361702127, 0.9999489361702127, 0.9999489361702127]",True,107.857,,both,True,0
hybrid,96,372.png,20261101,4,196,True,True,46,2285.3842363079043,0.9978324999999999,0.99373,"[0.9992, 0.9992, 0.9992, 0.99373]",False,106.394,,both,True,0
hybrid,97,371.png,20261102,4,196,True,True,42,2343.405929388233,0.99338,0.99338,"[0.99338, 0.99338, 0.99338, 0.99338]",False,101.514,,both,True,0
hybrid,98,370.png,20261103,4,196,True,True,46,2067.2534755930624,0.9955725,0.99413,"[0.99413, 0.99413, 0.9999, 0.99413]",False,105.98,,both,True,0
hybrid,99,37.png,20261104,4,196,True,True,41,2100.5656849311563,0.9989604519774011,0.9989604519774011,"[0.9989604519774011, 0.9989604519774011, 0.9989604519774011, 0.9989604519774011]",True,87.501,,both,True,0
