map_type,map_index,map_file,seed,num_robots,step_limit,execution_ok,success,steps,max_distance_coordinate_units,mean_explored,min_explored,individual_explored,final_connected,wall_seconds,error
complex,0,99.png,20261005,5,384,True,True,188,14384.552226602895,0.9999418181818183,0.9999418181818182,"[0.9999418181818182, 0.9999418181818182, 0.9999418181818182, 0.9999418181818182, 0.9999418181818182]",False,625.294,
complex,1,98.png,20261006,5,384,True,True,179,12533.311483601321,1.0,1.0,"[1.0, 1.0, 1.0, 1.0, 1.0]",False,611.751,
complex,2,97.png,20261007,5,384,True,True,165,11525.3863506859,0.9999863829787234,0.9999863829787234,"[0.9999863829787234, 0.9999863829787234, 0.9999863829787234, 0.9999863829787234, 0.9999863829787234]",False,557.223,
complex,3,96.png,20261008,5,384,True,True,244,18313.869576518628,0.9998545454545453,0.9998545454545454,"[0.9998545454545454, 0.9998545454545454, 0.9998545454545454, 0.9998545454545454, 0.9998545454545454]",False,781.27,
complex,4,95.png,20261009,5,384,True,True,143,12431.723191902633,0.9998798418972331,0.9998798418972332,"[0.9998798418972332, 0.9998798418972332, 0.9998798418972332, 0.9998798418972332, 0.9998798418972332]",False,558.649,
complex,5,94.png,20261010,5,384,True,False,384,18494.27942529563,0.9141974025974026,0.9141974025974026,"[0.9141974025974026, 0.9141974025974026, 0.9141974025974026, 0.9141974025974026, 0.9141974025974026]",False,1084.136,
complex,6,93.png,20261011,5,384,True,True,284,17143.81434191711,0.9990083116883117,0.9983558441558441,"[0.999987012987013, 0.9983558441558441, 0.9983558441558441, 0.999987012987013, 0.9983558441558441]",False,1000.688,
complex,7,92.png,20261012,5,384,True,True,192,13593.82772429155,0.9998783827493261,0.9998641509433962,"[0.9998878706199461, 0.9998641509433962, 0.9998878706199461, 0.9998641509433962, 0.9998878706199461]",False,757.71,
complex,8,91.png,20261013,5,384,True,True,106,8298.6519007735,0.9998663072776279,0.999866307277628,"[0.999866307277628, 0.999866307277628, 0.999866307277628, 0.999866307277628, 0.999866307277628]",True,352.367,
complex,9,90.png,20261014,5,384,True,True,112,7433.843328672053,0.999977900552486,0.9999779005524861,"[0.9999779005524861, 0.9999779005524861, 0.9999779005524861, 0.9999779005524861, 0.9999779005524861]",False,419.958,
complex,10,9.png,20261015,5,384,True,True,187,13335.098197958474,0.9998761548064918,0.9998761548064918,"[0.9998761548064918, 0.9998761548064918, 0.9998761548064918, 0.9998761548064918, 0.9998761548064918]",False,810.814,
complex,11,89.png,20261016,5,384,True,True,141,10000.10385462012,0.9990687292817679,0.9977900552486187,"[0.9977900552486187, 0.9999314917127072, 0.9977900552486187, 0.9999005524861878, 0.9999314917127072]",False,516.19,
complex,12,88.png,20261017,5,384,True,True,203,14087.31909627744,0.999697142857143,0.9986967032967033,"[0.999956043956044, 0.999956043956044, 0.9999208791208791, 0.999956043956044, 0.9986967032967033]",False,727.68,
complex,13,87.png,20261018,5,384,True,True,195,17235.7161109406,0.9980215384615384,0.9903098901098901,"[0.9999494505494505, 0.9999494505494505, 0.9903098901098901, 0.9999494505494505, 0.9999494505494505]",False,761.825,
complex,14,86.png,20261019,5,384,True,True,109,8633.296859575072,0.9995001488833747,0.9989320099255583,"[0.9989320099255583, 0.9998789081885856, 0.9998789081885856, 0.9998789081885856, 0.9989320099255583]",False,431.466,
complex,15,85.png,20261020,5,384,True,True,167,12492.147512362499,0.9999495781637717,0.9999464019851116,"[0.9999464019851116, 0.9999464019851116, 0.9999543424317617, 0.9999543424317617, 0.9999464019851116]",False,698.829,
complex,16,84.png,20261021,5,384,True,True,172,11347.765445368977,0.9998411034482759,0.9997881379310345,"[0.9998543448275862, 0.9998543448275862, 0.9998543448275862, 0.9997881379310345, 0.9998543448275862]",False,505.336,
complex,17,83.png,20261022,5,384,True,False,384,22904.15205092979,0.9714145103448276,0.9286422068965517,"[0.9286422068965517, 0.9999293793103449, 0.9999293793103449, 0.9286422068965517, 0.9999293793103449]",False,1330.797,
complex,18,82.png,20261023,5,384,True,True,147,11735.06874650007,0.9999325170068027,0.9999325170068027,"[0.9999325170068027, 0.9999325170068027, 0.9999325170068027, 0.9999325170068027, 0.9999325170068027]",True,545.986,
complex,19,81.png,20261024,5,384,True,True,120,10179.969215015406,0.9966214965986394,0.9966214965986394,"[0.9966214965986394, 0.9966214965986394, 0.9966214965986394, 0.9966214965986394, 0.9966214965986394]",True,491.995,
complex,20,80.png,20261025,5,384,True,True,130,9081.684959832552,0.9998190735694823,0.9998190735694823,"[0.9998190735694823, 0.9998190735694823, 0.9998190735694823, 0.9998190735694823, 0.9998190735694823]",False,484.729,
complex,21,8.png,20261026,5,384,True,True,110,8551.215073895357,0.994144133148405,0.9933181692094314,"[0.9933181692094314, 0.9933181692094314, 0.9933181692094314, 0.9933181692094314, 0.9974479889042995]",False,334.33,
complex,22,79.png,20261027,5,384,True,False,384,21699.39222451595,0.9616588555858311,0.9521177111716621,"[0.9521177111716621, 0.9998234332425068, 0.9521177111716621, 0.9521177111716621, 0.9521177111716621]",False,1521.874,
complex,23,78.png,20261028,5,384,True,True,218,16465.921970474268,0.9999286746987952,0.9999286746987952,"[0.9999286746987952, 0.9999286746987952, 0.9999286746987952, 0.9999286746987952, 0.9999286746987952]",False,886.683,
complex,24,77.png,20261029,5,384,True,True,108,7722.572722880691,0.9999498795180722,0.9999498795180722,"[0.9999498795180722, 0.9999498795180722, 0.9999498795180722, 0.9999498795180722, 0.9999498795180722]",False,405.433,
complex,25,76.png,20261030,5,384,True,True,149,10742.565412933638,0.9999653585926929,0.9999653585926929,"[0.9999653585926929, 0.9999653585926929, 0.9999653585926929, 0.9999653585926929, 0.9999653585926929]",False,510.415,
complex,26,75.png,20261031,5,384,True,True,127,9197.59888982838,0.9997510148849799,0.9997510148849797,"[0.9997510148849797, 0.9997510148849797, 0.9997510148849797, 0.9997510148849797, 0.9997510148849797]",True,489.297,
complex,27,74.png,20261032,5,384,True,True,104,7496.446286008584,0.9906936329588015,0.9906936329588015,"[0.9906936329588015, 0.9906936329588015, 0.9906936329588015, 0.9906936329588015, 0.9906936329588015]",True,412.478,
complex,28,73.png,20261033,5,384,True,True,105,8831.569785065152,0.9903252933832709,0.990318102372035,"[0.990318102372035, 0.990318102372035, 0.9903540574282147, 0.990318102372035, 0.990318102372035]",False,407.19,
complex,29,72.png,20261034,5,384,True,True,102,8156.674253431836,0.9959926823238566,0.9959891223733004,"[0.9959891223733004, 0.9959950556242274, 0.9959891223733004, 0.9959950556242274, 0.9959950556242274]",False,419.327,
complex,30,71.png,20261035,5,384,True,True,93,7127.248528764029,0.9944741656365885,0.9944741656365884,"[0.9944741656365884, 0.9944741656365884, 0.9944741656365884, 0.9944741656365884, 0.9944741656365884]",True,359.232,
complex,31,70.png,20261036,5,384,True,True,98,8601.141456712037,0.9995651282051282,0.9995651282051282,"[0.9995651282051282, 0.9995651282051282, 0.9995651282051282, 0.9995651282051282, 0.9995651282051282]",False,469.542,
complex,32,7.png,20261037,5,384,True,True,114,8301.358681362279,0.9999822468793342,0.9999822468793342,"[0.9999822468793342, 0.9999822468793342, 0.9999822468793342, 0.9999822468793342, 0.9999822468793342]",False,354.876,
complex,33,69.png,20261038,5,384,True,True,140,10589.890337336734,0.9997928205128204,0.9997764102564103,"[0.9997764102564103, 0.9997764102564103, 0.9997764102564103, 0.9998174358974359, 0.9998174358974359]",False,592.173,
complex,34,68.png,20261039,5,384,True,True,109,7983.676924603899,0.9947116736990156,0.9947116736990155,"[0.9947116736990155, 0.9947116736990155, 0.9947116736990155, 0.9947116736990155, 0.9947116736990155]",True,380.134,
complex,35,67.png,20261040,5,384,True,True,169,12388.374558584159,0.999927988748242,0.999927988748242,"[0.999927988748242, 0.999927988748242, 0.999927988748242, 0.999927988748242, 0.999927988748242]",False,461.308,
complex,36,66.png,20261041,5,384,True,True,94,7217.435793056906,0.9998502923976608,0.9998502923976608,"[0.9998502923976608, 0.9998502923976608, 0.9998502923976608, 0.9998502923976608, 0.9998502923976608]",True,316.112,
complex,37,65.png,20261042,5,384,True,True,96,7241.292394079537,0.999901754385965,0.999901754385965,"[0.999901754385965, 0.999901754385965, 0.999901754385965, 0.999901754385965, 0.999901754385965]",False,366.865,
complex,38,64.png,20261043,5,384,True,True,145,11316.107260736078,0.9999490909090909,0.9999490909090909,"[0.9999490909090909, 0.9999490909090909, 0.9999490909090909, 0.9999490909090909, 0.9999490909090909]",True,448.687,
complex,39,63.png,20261044,5,384,True,True,351,21261.73245007048,0.9999888484848485,0.9999878787878788,"[0.9999878787878788, 0.9999878787878788, 0.9999878787878788, 0.9999878787878788, 0.9999927272727273]",False,1155.231,
complex,40,62.png,20261045,5,384,True,True,115,9376.523610601735,0.9999230320699708,0.9999230320699708,"[0.9999230320699708, 0.9999230320699708, 0.9999230320699708, 0.9999230320699708, 0.9999230320699708]",False,373.553,
complex,41,61.png,20261046,5,384,True,True,136,10078.538292724721,0.9999370262390672,0.9999370262390671,"[0.9999370262390671, 0.9999370262390671, 0.9999370262390671, 0.9999370262390671, 0.9999370262390671]",False,470.235,
complex,42,60.png,20261047,5,384,True,True,130,9129.470890481309,0.9999880597014925,0.9999880597014925,"[0.9999880597014925, 0.9999880597014925, 0.9999880597014925, 0.9999880597014925, 0.9999880597014925]",False,515.136,
complex,43,6.png,20261048,5,384,True,True,92,6768.89260707726,0.9902128500823724,0.9902128500823724,"[0.9902128500823724, 0.9902128500823724, 0.9902128500823724, 0.9902128500823724, 0.9902128500823724]",True,291.245,
complex,44,59.png,20261049,5,384,True,True,96,7840.299976101293,0.9940517412935324,0.9940517412935324,"[0.9940517412935324, 0.9940517412935324, 0.9940517412935324, 0.9940517412935324, 0.9940517412935324]",True,413.321,
complex,45,58.png,20261050,5,384,True,True,231,20672.458090529763,0.9982086198547215,0.9912058111380145,"[0.9912058111380145, 0.9999593220338983, 0.9999593220338983, 0.9999593220338983, 0.9999593220338983]",False,1094.727,
complex,46,57.png,20261051,5,384,True,True,155,12393.709052113074,0.9999147699757869,0.9999147699757869,"[0.9999147699757869, 0.9999147699757869, 0.9999147699757869, 0.9999147699757869, 0.9999147699757869]",True,726.318,
complex,47,56.png,20261052,5,384,True,True,220,17098.35154412903,1.0,1.0,"[1.0, 1.0, 1.0, 1.0, 1.0]",False,890.147,
complex,48,55.png,20261053,5,384,True,True,149,11184.81434661967,0.9970081145584725,0.9970081145584726,"[0.9970081145584726, 0.9970081145584726, 0.9970081145584726, 0.9970081145584726, 0.9970081145584726]",True,721.247,
complex,49,54.png,20261054,5,384,True,True,83,5764.55902465317,0.9999339682539683,0.9999339682539683,"[0.9999339682539683, 0.9999339682539683, 0.9999339682539683, 0.9999339682539683, 0.9999339682539683]",False,287.28,
complex,50,53.png,20261055,5,384,True,True,127,10070.947888907038,0.9997790476190476,0.9997790476190476,"[0.9997790476190476, 0.9997790476190476, 0.9997790476190476, 0.9997790476190476, 0.9997790476190476]",False,470.036,
complex,51,52.png,20261056,5,384,True,True,141,11945.306093113391,0.9998534193548387,0.9998534193548387,"[0.9998534193548387, 0.9998534193548387, 0.9998534193548387, 0.9998534193548387, 0.9998534193548387]",True,607.838,
complex,52,51.png,20261057,5,384,True,True,154,11235.743027854285,0.9999545806451613,0.9999545806451613,"[0.9999545806451613, 0.9999545806451613, 0.9999545806451613, 0.9999545806451613, 0.9999545806451613]",False,691.477,
complex,53,500.png,20261058,5,384,True,True,112,9300.540914467943,0.9999348502994012,0.9999348502994012,"[0.9999348502994012, 0.9999348502994012, 0.9999348502994012, 0.9999348502994012, 0.9999348502994012]",True,462.451,
complex,54,50.png,20261059,5,384,True,True,126,10058.910480796274,0.9999466052934407,0.9999466052934407,"[0.9999466052934407, 0.9999466052934407, 0.9999466052934407, 0.9999466052934407, 0.9999466052934407]",True,570.322,
complex,55,5.png,20261060,5,384,True,True,74,5246.365654948775,0.9976329489291598,0.9976329489291598,"[0.9976329489291598, 0.9976329489291598, 0.9976329489291598, 0.9976329489291598, 0.9976329489291598]",True,225.734,
complex,56,499.png,20261061,5,384,True,True,99,8453.521293256805,0.9962025389221557,0.9902102994011976,"[0.9902102994011976, 0.9977005988023953, 0.9977005988023953, 0.9977005988023953, 0.9977005988023953]",False,422.035,
complex,57,498.png,20261062,5,384,True,True,131,9295.049133204711,0.9999953079178885,0.9999953079178886,"[0.9999953079178886, 0.9999953079178886, 0.9999953079178886, 0.9999953079178886, 0.9999953079178886]",False,418.659,
complex,58,497.png,20261063,5,384,True,True,184,11177.5478443301,0.994004926686217,0.9925607038123168,"[0.9925607038123168, 0.9961712609970674, 0.9925607038123168, 0.9961712609970674, 0.9925607038123168]",False,502.217,
complex,59,496.png,20261064,5,384,True,True,148,10087.321347941284,0.9999384453227933,0.9999325428194994,"[0.9999325428194994, 0.9999472990777338, 0.9999472990777338, 0.9999325428194994, 0.9999325428194994]",False,499.284,
complex,60,495.png,20261065,5,384,True,False,384,24252.50628612777,0.9890145981554678,0.9817064558629776,"[0.9999662714097497, 0.9999873517786562, 0.9817064558629776, 0.9817064558629776, 0.9817064558629776]",False,1390.586,
complex,61,494.png,20261066,5,384,True,False,384,22139.571629236696,0.9384557213930348,0.9384557213930348,"[0.9384557213930348, 0.9384557213930348, 0.9384557213930348, 0.9384557213930348, 0.9384557213930348]",False,1423.507,
complex,62,493.png,20261067,5,384,True,True,108,7971.94906619719,0.997976119402985,0.997976119402985,"[0.997976119402985, 0.997976119402985, 0.997976119402985, 0.997976119402985, 0.997976119402985]",True,420.038,
complex,63,492.png,20261068,5,384,True,True,161,11709.820588954566,0.9999720116618075,0.9999720116618076,"[0.9999720116618076, 0.9999720116618076, 0.9999720116618076, 0.9999720116618076, 0.9999720116618076]",False,549.453,
complex,64,491.png,20261069,5,384,True,True,100,7928.15967327603,0.9906215743440233,0.9906215743440233,"[0.9906215743440233, 0.9906215743440233, 0.9906215743440233, 0.9906215743440233, 0.9906215743440233]",True,319.613,
complex,65,490.png,20261070,5,384,True,True,132,10090.114470060067,0.9907959479015919,0.9907959479015919,"[0.9907959479015919, 0.9907959479015919, 0.9907959479015919, 0.9907959479015919, 0.9907959479015919]",True,473.2,
complex,66,49.png,20261071,5,384,True,True,135,10293.900514908637,0.9999760644418872,0.9999760644418872,"[0.9999760644418872, 0.9999760644418872, 0.9999760644418872, 0.9999760644418872, 0.9999760644418872]",False,650.551,
complex,67,489.png,20261072,5,384,True,False,384,19398.16850544665,0.9292781476121563,0.9292781476121563,"[0.9292781476121563, 0.9292781476121563, 0.9292781476121563, 0.9292781476121563, 0.9292781476121563]",False,1063.947,
complex,68,488.png,20261073,5,384,True,True,77,5424.07384803644,0.9952361609907122,0.9920817337461301,"[0.9920817337461301, 0.9999678018575852, 0.9999678018575852, 0.9920817337461301, 0.9920817337461301]",False,257.017,
complex,69,487.png,20261074,5,384,True,True,94,7240.569713330277,0.9972755417956657,0.9972755417956657,"[0.9972755417956657, 0.9972755417956657, 0.9972755417956657, 0.9972755417956657, 0.9972755417956657]",False,345.722,
complex,70,486.png,20261075,5,384,True,True,102,7874.295941791922,0.9979292954264525,0.9979292954264524,"[0.9979292954264524, 0.9979292954264524, 0.9979292954264524, 0.9979292954264524, 0.9979292954264524]",True,401.021,
complex,71,485.png,20261076,5,384,True,True,117,9343.246588608396,0.990065760197775,0.990065760197775,"[0.990065760197775, 0.990065760197775, 0.990065760197775, 0.990065760197775, 0.990065760197775]",False,523.392,
complex,72,484.png,20261077,5,384,True,True,107,8387.435046166915,1.0,1.0,"[1.0, 1.0, 1.0, 1.0, 1.0]",False,472.819,
complex,73,483.png,20261078,5,384,True,True,247,18039.51415142868,1.0,1.0,"[1.0, 1.0, 1.0, 1.0, 1.0]",False,993.909,
complex,74,482.png,20261079,5,384,True,False,384,25434.168998686593,0.9714968848758465,0.9453128668171558,"[0.9999097065462754, 0.9834744920993228, 0.9453128668171558, 0.9453128668171558, 0.9834744920993228]",False,1764.534,
complex,75,481.png,20261080,5,384,True,False,384,21576.863496971167,0.9939156659142212,0.9696722347629797,"[0.9999765237020316, 0.9999765237020316, 0.9696722347629797, 0.9999765237020316, 0.9999765237020316]",False,1479.681,
complex,76,480.png,20261081,5,384,True,True,139,10153.250997871135,0.9999653503184713,0.9999653503184713,"[0.9999653503184713, 0.9999653503184713, 0.9999653503184713, 0.9999653503184713, 0.9999653503184713]",False,542.632,
complex,77,48.png,20261082,5,384,True,True,105,8598.327583586832,0.9914965605095543,0.9914965605095541,"[0.9914965605095541, 0.9914965605095541, 0.9914965605095541, 0.9914965605095541, 0.9914965605095541]",True,410.137,
complex,78,479.png,20261083,5,384,True,True,235,15141.104842791252,0.9999388535031846,0.9999388535031847,"[0.9999388535031847, 0.9999388535031847, 0.9999388535031847, 0.9999388535031847, 0.9999388535031847]",False,755.616,
complex,79,478.png,20261084,5,384,True,True,122,9074.154722394864,0.9974933333333332,0.9938625641025641,"[0.9999138461538462, 0.9938625641025641, 0.9938625641025641, 0.9999138461538462, 0.9999138461538462]",False,459.097,
complex,80,477.png,20261085,5,384,True,False,384,21434.859538392513,0.990464,0.9841189743589743,"[0.9841189743589743, 0.9841189743589743, 0.9841189743589743, 0.9999815384615385, 0.9999815384615385]",False,1230.017,
complex,81,476.png,20261086,5,384,True,False,384,18418.139631816342,0.8827281501340483,0.4137951742627346,"[0.4137951742627346, 0.9999613941018767, 0.9999613941018767, 0.9999613941018767, 0.9999613941018767]",False,1116.439,
complex,82,475.png,20261087,5,384,True,True,142,9964.597457683685,0.9989619302949062,0.9989619302949062,"[0.9989619302949062, 0.9989619302949062, 0.9989619302949062, 0.9989619302949062, 0.9989619302949062]",False,490.891,
complex,83,474.png,20261088,5,384,True,True,188,14163.38008180189,0.9998745728643217,0.9998070351758794,"[0.9998070351758794, 0.9998070351758794, 0.9999195979899498, 0.9999195979899498, 0.9999195979899498]",False,605.297,
complex,84,473.png,20261089,5,384,True,True,167,12906.808634482722,0.999854472361809,0.999843216080402,"[0.999843216080402, 0.9998713567839196, 0.9998713567839196, 0.999843216080402, 0.999843216080402]",False,736.182,
complex,85,472.png,20261090,5,384,True,True,292,15826.701626191387,0.9999520599250935,0.9999520599250936,"[0.9999520599250936, 0.9999520599250936, 0.9999520599250936, 0.9999520599250936, 0.9999520599250936]",False,1118.768,
complex,86,471.png,20261091,5,384,True,True,125,8768.54242975195,0.9983512609238453,0.9983320848938827,"[0.9983640449438203, 0.9983640449438203, 0.9983640449438203, 0.9983320848938827, 0.9983320848938827]",False,526.355,
complex,87,470.png,20261092,5,384,True,True,169,13755.753565619767,0.9999701149425289,0.9999701149425287,"[0.9999701149425287, 0.9999701149425287, 0.9999701149425287, 0.9999701149425287, 0.9999701149425287]",True,624.406,
complex,88,47.png,20261093,5,384,True,False,384,22532.3543540343,0.9014310318471337,0.8768285350318471,"[0.8768285350318471, 0.9998410191082803, 0.8768285350318471, 0.8768285350318471, 0.8768285350318471]",False,1400.41,
complex,89,469.png,20261094,5,384,True,True,145,10638.379822551808,0.9999701149425289,0.9999701149425287,"[0.9999701149425287, 0.9999701149425287, 0.9999701149425287, 0.9999701149425287, 0.9999701149425287]",False,480.185,
complex,90,468.png,20261095,5,384,True,True,121,8494.953273089968,0.9906809523809523,0.9906809523809523,"[0.9906809523809523, 0.9906809523809523, 0.9906809523809523, 0.9906809523809523, 0.9906809523809523]",True,435.466,
complex,91,467.png,20261096,5,384,True,True,100,7328.271131126337,0.9999785714285714,0.9999785714285714,"[0.9999785714285714, 0.9999785714285714, 0.9999785714285714, 0.9999785714285714, 0.9999785714285714]",True,337.761,
complex,92,466.png,20261097,5,384,True,True,265,16901.80401556865,1.0,1.0,"[1.0, 1.0, 1.0, 1.0, 1.0]",False,786.596,
complex,93,465.png,20261098,5,384,True,True,116,9413.457548323175,0.9999034293552812,0.9999034293552812,"[0.9999034293552812, 0.9999034293552812, 0.9999034293552812, 0.9999034293552812, 0.9999034293552812]",True,394.955,
complex,94,464.png,20261099,5,384,True,True,130,8827.69756077353,0.9995706329113924,0.9995706329113924,"[0.9995706329113924, 0.9995706329113924, 0.9995706329113924, 0.9995706329113924, 0.9995706329113924]",False,443.005,
complex,95,463.png,20261100,5,384,True,True,207,13924.388679245734,0.9990902278481013,0.9960587341772152,"[0.9998481012658228, 0.9960587341772152, 0.9998481012658228, 0.9998481012658228, 0.9998481012658228]",False,915.496,
complex,96,462.png,20261101,5,384,True,True,321,20904.079639575037,0.9994899182561309,0.9994899182561308,"[0.9994899182561308, 0.9994899182561308, 0.9994899182561308, 0.9994899182561308, 0.9994899182561308]",False,1053.13,
complex,97,461.png,20261102,5,384,True,False,384,17867.581297696037,0.5534212534059946,0.32411553133514986,"[0.8081133514986376, 0.4402594005449591, 0.32411553133514986, 0.8705024523160763, 0.32411553133514986]",False,760.023,
complex,98,460.png,20261103,5,384,True,True,371,21779.234705993014,0.9999616511318242,0.9999616511318242,"[0.9999616511318242, 0.9999616511318242, 0.9999616511318242, 0.9999616511318242, 0.9999616511318242]",False,1147.386,
complex,99,46.png,20261104,5,384,True,True,154,11934.069959952516,0.9999509065550907,0.9999509065550907,"[0.9999509065550907, 0.9999509065550907, 0.9999509065550907, 0.9999509065550907, 0.9999509065550907]",False,577.957,
corridor,0,99.png,20261005,4,196,True,True,90,5374.345291288186,0.9999921875,0.9999921875,"[0.9999921875, 0.9999921875, 0.9999921875, 0.9999921875]",True,131.61,
corridor,1,98.png,20261006,4,196,True,True,154,10303.56959369937,1.0,1.0,"[1.0, 1.0, 1.0, 1.0]",True,249.265,
corridor,2,97.png,20261007,4,196,True,True,74,3824.1917542201454,0.9999609375,0.9999609375,"[0.9999609375, 0.9999609375, 0.9999609375, 0.9999609375]",True,121.665,
corridor,3,96.png,20261008,4,196,True,True,67,3878.878848187068,1.0,1.0,"[1.0, 1.0, 1.0, 1.0]",True,105.21,
corridor,4,95.png,20261009,4,196,True,True,73,4958.934966329701,1.0,1.0,"[1.0, 1.0, 1.0, 1.0]",False,133.39,
corridor,5,94.png,20261010,4,196,True,True,62,4200.3952289310555,0.99790625,0.99790625,"[0.99790625, 0.99790625, 0.99790625, 0.99790625]",True,102.765,
corridor,6,93.png,20261011,4,196,True,True,101,5579.755974504941,1.0,1.0,"[1.0, 1.0, 1.0, 1.0]",False,167.845,
corridor,7,92.png,20261012,4,196,True,True,76,3834.0293417436287,0.999984375,0.999984375,"[0.999984375, 0.999984375, 0.999984375, 0.999984375]",False,139.717,
corridor,8,91.png,20261013,4,196,True,True,106,5828.048398780761,1.0,1.0,"[1.0, 1.0, 1.0, 1.0]",True,176.391,
corridor,9,90.png,20261014,4,196,True,False,196,10393.081306446818,0.894732421875,0.5789296875,"[1.0, 0.5789296875, 1.0, 1.0]",False,300.589,
corridor,10,9.png,20261015,4,196,True,True,81,5444.131732567209,0.99996875,0.99996875,"[0.99996875, 0.99996875, 0.99996875, 0.99996875]",True,132.656,
corridor,11,89.png,20261016,4,196,True,True,79,4333.684620350437,1.0,1.0,"[1.0, 1.0, 1.0, 1.0]",False,132.633,
corridor,12,88.png,20261017,4,196,True,True,69,3758.339390584395,1.0,1.0,"[1.0, 1.0, 1.0, 1.0]",False,127.141,
corridor,13,87.png,20261018,4,196,True,True,81,4977.197568182622,1.0,1.0,"[1.0, 1.0, 1.0, 1.0]",True,144.776,
corridor,14,86.png,20261019,4,196,True,True,82,4482.85730855296,0.99115625,0.99115625,"[0.99115625, 0.99115625, 0.99115625, 0.99115625]",True,145.511,
corridor,15,85.png,20261020,4,196,True,True,73,3948.4084731693038,0.9963203125,0.9963203125,"[0.9963203125, 0.9963203125, 0.9963203125, 0.9963203125]",True,124.431,
corridor,16,84.png,20261021,4,196,True,True,83,4629.282603313545,1.0,1.0,"[1.0, 1.0, 1.0, 1.0]",False,146.493,
corridor,17,83.png,20261022,4,196,True,True,81,4773.29940021421,1.0,1.0,"[1.0, 1.0, 1.0, 1.0]",False,136.876,
corridor,18,82.png,20261023,4,196,True,True,117,7091.362348921008,1.0,1.0,"[1.0, 1.0, 1.0, 1.0]",True,211.223,
corridor,19,81.png,20261024,4,196,True,True,68,4932.308732196317,0.9987421875,0.9987421875,"[0.9987421875, 0.9987421875, 0.9987421875, 0.9987421875]",True,109.052,
corridor,20,80.png,20261025,4,196,True,True,66,4427.8586591167405,0.9999609375,0.9999609375,"[0.9999609375, 0.9999609375, 0.9999609375, 0.9999609375]",True,106.293,
corridor,21,8.png,20261026,4,196,True,True,156,10884.813367196619,0.998921875,0.9957578125,"[0.9999765625, 0.9999765625, 0.9999765625, 0.9957578125]",False,258.462,
corridor,22,79.png,20261027,4,196,True,True,69,4475.265073293637,1.0,1.0,"[1.0, 1.0, 1.0, 1.0]",True,116.836,
corridor,23,78.png,20261028,4,196,True,True,83,4526.41934017896,1.0,1.0,"[1.0, 1.0, 1.0, 1.0]",False,150.525,
corridor,24,77.png,20261029,4,196,True,True,70,4445.000767228453,0.995484375,0.995484375,"[0.995484375, 0.995484375, 0.995484375, 0.995484375]",True,122.278,
corridor,25,76.png,20261030,4,196,True,True,76,4162.405459154204,0.9999453125,0.9999453125,"[0.9999453125, 0.9999453125, 0.9999453125, 0.9999453125]",False,134.727,
corridor,26,75.png,20261031,4,196,True,True,85,4871.749128784456,0.9999765625,0.9999765625,"[0.9999765625, 0.9999765625, 0.9999765625, 0.9999765625]",False,152.289,
corridor,27,74.png,20261032,4,196,True,True,113,6462.500019537662,1.0,1.0,"[1.0, 1.0, 1.0, 1.0]",False,185.616,
corridor,28,73.png,20261033,4,196,True,True,100,6426.012373957801,1.0,1.0,"[1.0, 1.0, 1.0, 1.0]",False,164.965,
corridor,29,72.png,20261034,4,196,True,True,68,4537.829467669955,1.0,1.0,"[1.0, 1.0, 1.0, 1.0]",True,114.767,
corridor,30,71.png,20261035,4,196,True,True,87,5321.276965704484,1.0,1.0,"[1.0, 1.0, 1.0, 1.0]",False,154.038,
corridor,31,70.png,20261036,4,196,True,True,90,5000.155746902288,1.0,1.0,"[1.0, 1.0, 1.0, 1.0]",True,153.322,
corridor,32,7.png,20261037,4,196,True,True,84,5344.726370071122,1.0,1.0,"[1.0, 1.0, 1.0, 1.0]",True,135.747,
corridor,33,69.png,20261038,4,196,True,True,75,3800.0231012729996,1.0,1.0,"[1.0, 1.0, 1.0, 1.0]",False,126.846,
corridor,34,68.png,20261039,4,196,True,True,78,4536.141770067816,1.0,1.0,"[1.0, 1.0, 1.0, 1.0]",True,143.937,
corridor,35,67.png,20261040,4,196,True,True,77,4987.323717580158,0.99996875,0.99996875,"[0.99996875, 0.99996875, 0.99996875, 0.99996875]",False,147.539,
corridor,36,66.png,20261041,4,196,True,True,87,5174.695192249147,1.0,1.0,"[1.0, 1.0, 1.0, 1.0]",False,143.553,
corridor,37,65.png,20261042,4,196,True,True,61,3219.004054947752,1.0,1.0,"[1.0, 1.0, 1.0, 1.0]",False,108.408,
corridor,38,64.png,20261043,4,196,True,True,91,4675.690169321968,0.9925078125,0.9925078125,"[0.9925078125, 0.9925078125, 0.9925078125, 0.9925078125]",True,155.74,
corridor,39,63.png,20261044,4,196,True,False,196,13739.141941093849,0.7932539062499999,0.5865078125,"[1.0, 0.5865078125, 0.5865078125, 1.0]",False,302.148,
corridor,40,62.png,20261045,4,196,True,True,71,3835.963911301564,0.99640625,0.99640625,"[0.99640625, 0.99640625, 0.99640625, 0.99640625]",True,124.653,
corridor,41,61.png,20261046,4,196,True,True,64,3599.484495661176,0.9999765625,0.9999765625,"[0.9999765625, 0.9999765625, 0.9999765625, 0.9999765625]",True,109.978,
corridor,42,60.png,20261047,4,196,True,True,73,3646.512115156106,1.0,1.0,"[1.0, 1.0, 1.0, 1.0]",True,125.78,
corridor,43,6.png,20261048,4,196,True,True,81,4824.511977806525,1.0,1.0,"[1.0, 1.0, 1.0, 1.0]",True,138.557,
corridor,44,59.png,20261049,4,196,True,False,196,11820.257260524886,0.9885039062500001,0.9770078125,"[1.0, 1.0, 0.9770078125, 0.9770078125]",False,303.943,
corridor,45,58.png,20261050,4,196,True,True,64,3616.8228252627246,0.999984375,0.999984375,"[0.999984375, 0.999984375, 0.999984375, 0.999984375]",True,103.45,
corridor,46,57.png,20261051,4,196,True,True,102,6224.444521113457,1.0,1.0,"[1.0, 1.0, 1.0, 1.0]",True,174.728,
corridor,47,56.png,20261052,4,196,True,True,81,4804.9373247782105,0.9999921875,0.9999921875,"[0.9999921875, 0.9999921875, 0.9999921875, 0.9999921875]",False,139.577,
corridor,48,55.png,20261053,4,196,True,True,62,3421.746564403438,1.0,1.0,"[1.0, 1.0, 1.0, 1.0]",True,105.592,
corridor,49,54.png,20261054,4,196,True,True,179,10383.95706924293,0.9989765625,0.99590625,"[1.0, 1.0, 0.99590625, 1.0]",False,292.912,
corridor,50,53.png,20261055,4,196,True,True,62,3762.142698427948,1.0,1.0,"[1.0, 1.0, 1.0, 1.0]",True,108.862,
corridor,51,52.png,20261056,4,196,True,True,174,9099.23503679715,1.0,1.0,"[1.0, 1.0, 1.0, 1.0]",True,269.002,
corridor,52,51.png,20261057,4,196,True,False,196,10630.680319097373,0.95258203125,0.810328125,"[0.810328125, 1.0, 1.0, 1.0]",False,262.085,
corridor,53,50.png,20261058,4,196,True,True,76,4158.419967036685,1.0,1.0,"[1.0, 1.0, 1.0, 1.0]",False,138.306,
corridor,54,5.png,20261059,4,196,True,True,71,4381.141155931776,1.0,1.0,"[1.0, 1.0, 1.0, 1.0]",False,113.347,
corridor,55,49.png,20261060,4,196,True,True,71,4726.452917256325,1.0,1.0,"[1.0, 1.0, 1.0, 1.0]",True,128.401,
corridor,56,48.png,20261061,4,196,True,True,108,7199.062954012747,1.0,1.0,"[1.0, 1.0, 1.0, 1.0]",False,195.815,
corridor,57,47.png,20261062,4,196,True,True,79,4262.891654016904,1.0,1.0,"[1.0, 1.0, 1.0, 1.0]",False,132.611,
corridor,58,46.png,20261063,4,196,True,True,116,7964.322810985095,1.0,1.0,"[1.0, 1.0, 1.0, 1.0]",False,195.081,
corridor,59,45.png,20261064,4,196,True,True,71,3597.150666839561,1.0,1.0,"[1.0, 1.0, 1.0, 1.0]",False,117.463,
corridor,60,44.png,20261065,4,196,True,True,137,7293.885218072168,1.0,1.0,"[1.0, 1.0, 1.0, 1.0]",True,207.122,
corridor,61,43.png,20261066,4,196,True,False,196,11556.107295930835,0.9521953125,0.9521953125,"[0.9521953125, 0.9521953125, 0.9521953125, 0.9521953125]",True,310.102,
corridor,62,42.png,20261067,4,196,True,True,80,5323.796684059685,0.9999609375,0.9999609375,"[0.9999609375, 0.9999609375, 0.9999609375, 0.9999609375]",True,134.069,
corridor,63,41.png,20261068,4,196,True,True,102,5400.608568034475,1.0,1.0,"[1.0, 1.0, 1.0, 1.0]",False,174.424,
corridor,64,400.png,20261069,4,196,True,True,156,8564.665049396217,1.0,1.0,"[1.0, 1.0, 1.0, 1.0]",False,227.614,
corridor,65,40.png,20261070,4,196,True,True,74,4336.587584662194,1.0,1.0,"[1.0, 1.0, 1.0, 1.0]",True,134.109,
corridor,66,4.png,20261071,4,196,True,True,75,4764.049582277944,0.999953125,0.999953125,"[0.999953125, 0.999953125, 0.999953125, 0.999953125]",True,143.631,
corridor,67,399.png,20261072,4,196,True,True,164,10785.847735385874,1.0,1.0,"[1.0, 1.0, 1.0, 1.0]",False,262.886,
corridor,68,398.png,20261073,4,196,True,True,63,3657.5661332574105,1.0,1.0,"[1.0, 1.0, 1.0, 1.0]",True,103.132,
corridor,69,397.png,20261074,4,196,True,True,66,3724.0777453177852,0.999984375,0.999984375,"[0.999984375, 0.999984375, 0.999984375, 0.999984375]",False,118.751,
corridor,70,396.png,20261075,4,196,True,True,79,4113.806700738807,1.0,1.0,"[1.0, 1.0, 1.0, 1.0]",True,124.056,
corridor,71,395.png,20261076,4,196,True,True,77,4372.215186537464,0.9960390625,0.9960390625,"[0.9960390625, 0.9960390625, 0.9960390625, 0.9960390625]",True,125.105,
corridor,72,394.png,20261077,4,196,True,True,81,4603.715967278346,1.0,1.0,"[1.0, 1.0, 1.0, 1.0]",False,129.083,
corridor,73,393.png,20261078,4,196,True,False,196,12179.610881716995,0.9155390625,0.9155390625,"[0.9155390625, 0.9155390625, 0.9155390625, 0.9155390625]",False,312.166,
corridor,74,392.png,20261079,4,196,True,True,108,5776.373649188669,1.0,1.0,"[1.0, 1.0, 1.0, 1.0]",True,188.481,
corridor,75,391.png,20261080,4,196,True,True,69,3658.564192070952,1.0,1.0,"[1.0, 1.0, 1.0, 1.0]",True,116.987,
corridor,76,390.png,20261081,4,196,True,True,74,4859.263214456997,1.0,1.0,"[1.0, 1.0, 1.0, 1.0]",True,127.448,
corridor,77,39.png,20261082,4,196,True,True,76,4493.581330288439,1.0,1.0,"[1.0, 1.0, 1.0, 1.0]",True,135.795,
corridor,78,389.png,20261083,4,196,True,True,82,3880.526328996441,0.9999609375,0.9999609375,"[0.9999609375, 0.9999609375, 0.9999609375, 0.9999609375]",False,125.675,
corridor,79,388.png,20261084,4,196,True,True,88,4827.929630146627,0.9921953125,0.9921953125,"[0.9921953125, 0.9921953125, 0.9921953125, 0.9921953125]",True,140.628,
corridor,80,387.png,20261085,4,196,True,True,87,6062.8263334742005,1.0,1.0,"[1.0, 1.0, 1.0, 1.0]",False,153.637,
corridor,81,386.png,20261086,4,196,True,True,61,3717.165696509126,0.99465625,0.99465625,"[0.99465625, 0.99465625, 0.99465625, 0.99465625]",True,101.532,
corridor,82,385.png,20261087,4,196,True,True,74,4214.631747892963,1.0,1.0,"[1.0, 1.0, 1.0, 1.0]",True,128.379,
corridor,83,384.png,20261088,4,196,True,True,85,4733.242016555092,1.0,1.0,"[1.0, 1.0, 1.0, 1.0]",True,139.611,
corridor,84,383.png,20261089,4,196,True,True,147,9733.524685268772,1.0,1.0,"[1.0, 1.0, 1.0, 1.0]",False,262.489,
corridor,85,382.png,20261090,4,196,True,True,79,4091.7517160533766,0.9985859375,0.9985859375,"[0.9985859375, 0.9985859375, 0.9985859375, 0.9985859375]",True,129.572,
corridor,86,381.png,20261091,4,196,True,True,78,4623.372385944074,0.999328125,0.999328125,"[0.999328125, 0.999328125, 0.999328125, 0.999328125]",True,130.698,
corridor,87,380.png,20261092,4,196,True,True,78,5024.787005841704,0.999625,0.999625,"[0.999625, 0.999625, 0.999625, 0.999625]",False,150.819,
corridor,88,38.png,20261093,4,196,True,True,81,3904.9209870379946,1.0,1.0,"[1.0, 1.0, 1.0, 1.0]",True,139.132,
corridor,89,379.png,20261094,4,196,True,True,93,4294.4562895968165,0.9999609375,0.9999609375,"[0.9999609375, 0.9999609375, 0.9999609375, 0.9999609375]",False,160.673,
corridor,90,378.png,20261095,4,196,True,True,167,9533.049983997886,1.0,1.0,"[1.0, 1.0, 1.0, 1.0]",False,255.024,
corridor,91,377.png,20261096,4,196,True,True,80,5050.418078400125,1.0,1.0,"[1.0, 1.0, 1.0, 1.0]",True,138.598,
corridor,92,376.png,20261097,4,196,True,True,133,6950.867588755735,1.0,1.0,"[1.0, 1.0, 1.0, 1.0]",False,214.624,
corridor,93,375.png,20261098,4,196,True,False,196,11692.002017629464,0.9520234375,0.9520234375,"[0.9520234375, 0.9520234375, 0.9520234375, 0.9520234375]",False,314.565,
corridor,94,374.png,20261099,4,196,True,True,69,3953.554345803234,1.0,1.0,"[1.0, 1.0, 1.0, 1.0]",False,123.577,
corridor,95,373.png,20261100,4,196,True,True,70,3866.8201938827415,1.0,1.0,"[1.0, 1.0, 1.0, 1.0]",True,120.684,
corridor,96,372.png,20261101,4,196,True,True,97,5314.400391814898,0.9999921875,0.9999921875,"[0.9999921875, 0.9999921875, 0.9999921875, 0.9999921875]",False,185.182,
corridor,97,371.png,20261102,4,196,True,True,68,4460.861286284255,0.999984375,0.999984375,"[0.999984375, 0.999984375, 0.999984375, 0.999984375]",False,125.649,
corridor,98,370.png,20261103,4,196,True,True,116,7531.260630916156,1.0,1.0,"[1.0, 1.0, 1.0, 1.0]",True,184.16,
corridor,99,37.png,20261104,4,196,True,True,64,4071.155235355666,1.0,1.0,"[1.0, 1.0, 1.0, 1.0]",True,107.863,
hybrid,0,99.png,20261005,4,196,True,True,48,2206.865001633915,0.9997123595505618,0.9997123595505618,"[0.9997123595505618, 0.9997123595505618, 0.9997123595505618, 0.9997123595505618]",False,90.419,
hybrid,1,98.png,20261006,4,196,True,True,55,2702.6390296603076,0.9998202247191011,0.9998202247191011,"[0.9998202247191011, 0.9998202247191011, 0.9998202247191011, 0.9998202247191011]",True,116.147,
hybrid,2,97.png,20261007,4,196,True,True,50,2135.786069977644,0.999847191011236,0.999847191011236,"[0.999847191011236, 0.999847191011236, 0.999847191011236, 0.999847191011236]",True,112.758,
hybrid,3,96.png,20261008,4,196,True,True,43,1670.9498990260329,0.9998011834319527,0.9998011834319527,"[0.9998011834319527, 0.9998011834319527, 0.9998011834319527, 0.9998011834319527]",True,101.811,
hybrid,4,95.png,20261009,4,196,True,True,66,3146.2511672237715,0.9999550295857988,0.9998201183431953,"[1.0, 1.0, 0.9998201183431953, 1.0]",False,147.62,
hybrid,5,94.png,20261010,4,196,True,True,39,1560.347382569465,0.9998863905325444,0.9998863905325444,"[0.9998863905325444, 0.9998863905325444, 0.9998863905325444, 0.9998863905325444]",True,87.684,
hybrid,6,93.png,20261011,4,196,True,True,44,1759.5414784628138,0.9996077419354839,0.9996077419354839,"[0.9996077419354839, 0.9996077419354839, 0.9996077419354839, 0.9996077419354839]",True,93.902,
hybrid,7,92.png,20261012,4,196,True,True,39,1499.8341194914353,0.9942153846153846,0.9942153846153846,"[0.9942153846153846, 0.9942153846153846, 0.9942153846153846, 0.9942153846153846]",True,87.927,
hybrid,8,91.png,20261013,4,196,True,True,46,2625.5008848453126,0.9997989071038251,0.9997989071038251,"[0.9997989071038251, 0.9997989071038251, 0.9997989071038251, 0.9997989071038251]",True,115.448,
hybrid,9,90.png,20261014,4,196,True,True,52,3130.8142140948926,0.9992655737704919,0.9992655737704919,"[0.9992655737704919, 0.9992655737704919, 0.9992655737704919, 0.9992655737704919]",True,129.594,
hybrid,10,9.png,20261015,4,196,True,True,52,2206.1733995514837,0.9997917159763313,0.9997917159763313,"[0.9997917159763313, 0.9997917159763313, 0.9997917159763313, 0.9997917159763313]",False,108.867,
hybrid,11,89.png,20261016,4,196,True,True,40,1916.5000543321341,0.999624043715847,0.999624043715847,"[0.999624043715847, 0.999624043715847, 0.999624043715847, 0.999624043715847]",True,94.117,
hybrid,12,88.png,20261017,4,196,True,True,42,2939.539396520392,0.9917464480874317,0.9917464480874317,"[0.9917464480874317, 0.9917464480874317, 0.9917464480874317, 0.9917464480874317]",True,99.811,
hybrid,13,87.png,20261018,4,196,True,True,51,2078.5607290606627,0.9946105263157895,0.9946105263157895,"[0.9946105263157895, 0.9946105263157895, 0.9946105263157895, 0.9946105263157895]",True,120.26,
hybrid,14,86.png,20261019,4,196,True,True,46,1789.4378313112863,0.997604678362573,0.997604678362573,"[0.997604678362573, 0.997604678362573, 0.997604678362573, 0.997604678362573]",False,102.221,
hybrid,15,85.png,20261020,4,196,True,True,49,2643.257547150636,0.9999812865497076,0.9999812865497076,"[0.9999812865497076, 0.9999812865497076, 0.9999812865497076, 0.9999812865497076]",True,112.395,
hybrid,16,84.png,20261021,4,196,True,True,45,2861.299233312347,0.9901380116959064,0.9901380116959064,"[0.9901380116959064, 0.9901380116959064, 0.9901380116959064, 0.9901380116959064]",True,106.041,
hybrid,17,83.png,20261022,4,196,True,True,56,2946.8464782885403,1.0,1.0,"[1.0, 1.0, 1.0, 1.0]",True,119.325,
hybrid,18,82.png,20261023,4,196,True,True,44,2725.3122034288435,1.0,1.0,"[1.0, 1.0, 1.0, 1.0]",False,94.521,
hybrid,19,81.png,20261024,4,196,True,True,49,2198.0168411908744,0.9997286549707602,0.9997286549707602,"[0.9997286549707602, 0.9997286549707602, 0.9997286549707602, 0.9997286549707602]",False,115.324,
hybrid,20,80.png,20261025,4,196,True,True,45,2235.808882844209,0.9997660818713451,0.9997660818713451,"[0.9997660818713451, 0.9997660818713451, 0.9997660818713451, 0.9997660818713451]",False,113.305,
hybrid,21,8.png,20261026,4,196,True,True,51,1939.2110793666357,0.9990222222222223,0.9990222222222223,"[0.9990222222222223, 0.9990222222222223, 0.9990222222222223, 0.9990222222222223]",True,121.957,
hybrid,22,79.png,20261027,4,196,True,True,42,2125.9062943392346,0.9997567251461988,0.9997567251461988,"[0.9997567251461988, 0.9997567251461988, 0.9997567251461988, 0.9997567251461988]",True,98.46,
hybrid,23,78.png,20261028,4,196,True,True,46,2067.162234247409,0.999836559139785,0.999836559139785,"[0.999836559139785, 0.999836559139785, 0.999836559139785, 0.999836559139785]",False,96.04,
hybrid,24,77.png,20261029,4,196,True,True,61,2659.1453293193204,0.9998279569892473,0.9998279569892473,"[0.9998279569892473, 0.9998279569892473, 0.9998279569892473, 0.9998279569892473]",False,127.044,
hybrid,25,76.png,20261030,4,196,True,True,53,2256.565531443494,0.9960344086021505,0.9960344086021505,"[0.9960344086021505, 0.9960344086021505, 0.9960344086021505, 0.9960344086021505]",True,113.357,
hybrid,26,75.png,20261031,4,196,True,True,57,2734.4924271923514,0.9998537634408602,0.9998537634408602,"[0.9998537634408602, 0.9998537634408602, 0.9998537634408602, 0.9998537634408602]",False,127.803,
hybrid,27,74.png,20261032,4,196,True,True,54,2402.600826655822,0.9965393258426967,0.9965393258426967,"[0.9965393258426967, 0.9965393258426967, 0.9965393258426967, 0.9965393258426967]",True,127.472,
hybrid,28,73.png,20261033,4,196,True,True,59,4239.807109652209,1.0,1.0,"[1.0, 1.0, 1.0, 1.0]",False,130.715,
hybrid,29,72.png,20261034,4,196,True,True,53,2758.0554806211776,1.0,1.0,"[1.0, 1.0, 1.0, 1.0]",True,125.931,
hybrid,30,71.png,20261035,4,196,True,True,41,1850.7330666183243,0.9994425806451613,0.9994425806451613,"[0.9994425806451613, 0.9994425806451613, 0.9994425806451613, 0.9994425806451613]",False,89.726,
hybrid,31,70.png,20261036,4,196,True,True,57,2710.6058152900887,0.9997393258426966,0.9997393258426966,"[0.9997393258426966, 0.9997393258426966, 0.9997393258426966, 0.9997393258426966]",True,129.358,
hybrid,32,7.png,20261037,4,196,True,True,44,2024.8040612901516,0.9978666666666667,0.9978666666666667,"[0.9978666666666667, 0.9978666666666667, 0.9978666666666667, 0.9978666666666667]",True,101.085,
hybrid,33,69.png,20261038,4,196,True,True,51,2706.5675409544547,1.0,1.0,"[1.0, 1.0, 1.0, 1.0]",False,115.122,
hybrid,34,68.png,20261039,4,196,True,True,44,2628.536818974471,0.9999537572254336,0.9999537572254336,"[0.9999537572254336, 0.9999537572254336, 0.9999537572254336, 0.9999537572254336]",True,106.96,
hybrid,35,67.png,20261040,4,196,True,True,40,2046.4107691072538,0.9999907514450868,0.9999907514450868,"[0.9999907514450868, 0.9999907514450868, 0.9999907514450868, 0.9999907514450868]",True,96.997,
hybrid,36,66.png,20261041,4,196,True,True,52,2611.971940996253,0.9992878612716763,0.9992878612716763,"[0.9992878612716763, 0.9992878612716763, 0.9992878612716763, 0.9992878612716763]",False,120.803,
hybrid,37,65.png,20261042,4,196,True,True,41,2240.741190864087,0.9999127272727273,0.9999127272727273,"[0.9999127272727273, 0.9999127272727273, 0.9999127272727273, 0.9999127272727273]",False,80.868,
hybrid,38,64.png,20261043,4,196,True,True,46,2221.1953880497867,0.9991272727272728,0.9991272727272728,"[0.9991272727272728, 0.9991272727272728, 0.9991272727272728, 0.9991272727272728]",True,94.997,
hybrid,39,63.png,20261044,4,196,True,True,66,3159.481103876021,0.9999224242424243,0.9999224242424243,"[0.9999224242424243, 0.9999224242424243, 0.9999224242424243, 0.9999224242424243]",True,137.084,
hybrid,40,62.png,20261045,4,196,True,True,44,1695.0500010812,0.9997381818181819,0.9997381818181819,"[0.9997381818181819, 0.9997381818181819, 0.9997381818181819, 0.9997381818181819]",False,97.631,
hybrid,41,61.png,20261046,4,196,True,True,47,2222.243403175682,0.9998022471910112,0.9998022471910112,"[0.9998022471910112, 0.9998022471910112, 0.9998022471910112, 0.9998022471910112]",True,118.533,
hybrid,42,60.png,20261047,4,196,True,True,51,2847.3605843842033,0.9952651162790698,0.9952651162790698,"[0.9952651162790698, 0.9952651162790698, 0.9952651162790698, 0.9952651162790698]",True,107.28,
hybrid,43,6.png,20261048,4,196,True,True,55,3113.7914345596796,0.9998222222222222,0.9998222222222222,"[0.9998222222222222, 0.9998222222222222, 0.9998222222222222, 0.9998222222222222]",True,119.804,
hybrid,44,59.png,20261049,4,196,True,True,65,3704.4009220649186,1.0,1.0,"[1.0, 1.0, 1.0, 1.0]",True,147.865,
hybrid,45,58.png,20261050,4,196,True,True,59,3113.630672309802,0.9997932584269663,0.9997932584269663,"[0.9997932584269663, 0.9997932584269663, 0.9997932584269663, 0.9997932584269663]",True,142.611,
hybrid,46,57.png,20261051,4,196,True,True,43,2333.2015869484962,0.9998831460674157,0.9998831460674157,"[0.9998831460674157, 0.9998831460674157, 0.9998831460674157, 0.9998831460674157]",True,102.922,
hybrid,47,56.png,20261052,4,196,True,True,52,2409.5177283691755,0.9998573248407643,0.9998573248407643,"[0.9998573248407643, 0.9998573248407643, 0.9998573248407643, 0.9998573248407643]",True,107.006,
hybrid,48,55.png,20261053,4,196,True,True,55,2194.4835888123694,0.9974012738853503,0.9974012738853503,"[0.9974012738853503, 0.9974012738853503, 0.9974012738853503, 0.9974012738853503]",False,121.839,
hybrid,49,54.png,20261054,4,196,True,True,40,1683.883444201407,0.999256050955414,0.999256050955414,"[0.999256050955414, 0.999256050955414, 0.999256050955414, 0.999256050955414]",False,86.329,
hybrid,50,53.png,20261055,4,196,True,True,46,1797.7685015549926,0.9969936305732484,0.9969936305732484,"[0.9969936305732484, 0.9969936305732484, 0.9969936305732484, 0.9969936305732484]",True,97.0,
hybrid,51,52.png,20261056,4,196,True,True,49,2855.7827873789106,0.9991050847457628,0.9991050847457628,"[0.9991050847457628, 0.9991050847457628, 0.9991050847457628, 0.9991050847457628]",True,115.228,
hybrid,52,51.png,20261057,4,196,True,True,53,2429.7205595454084,1.0,1.0,"[1.0, 1.0, 1.0, 1.0]",False,118.232,
hybrid,53,50.png,20261058,4,196,True,True,43,2102.565607715125,0.9999638418079096,0.9999638418079096,"[0.9999638418079096, 0.9999638418079096, 0.9999638418079096, 0.9999638418079096]",True,98.095,
hybrid,54,5.png,20261059,4,196,True,True,40,1754.0100720369217,0.9989454545454546,0.9989454545454546,"[0.9989454545454546, 0.9989454545454546, 0.9989454545454546, 0.9989454545454546]",False,94.127,
hybrid,55,49.png,20261060,4,196,True,True,69,3149.317436589865,1.0,1.0,"[1.0, 1.0, 1.0, 1.0]",True,144.806,
hybrid,56,48.png,20261061,4,196,True,True,43,1970.9747446625265,0.9993220338983051,0.9993220338983051,"[0.9993220338983051, 0.9993220338983051, 0.9993220338983051, 0.9993220338983051]",False,91.991,
hybrid,57,47.png,20261062,4,196,True,True,47,2309.4538917327377,0.9938034682080925,0.9938034682080925,"[0.9938034682080925, 0.9938034682080925, 0.9938034682080925, 0.9938034682080925]",False,112.969,
hybrid,58,46.png,20261063,4,196,True,True,45,2125.7676344543265,0.9994820809248555,0.9980393063583815,"[0.9980393063583815, 0.9999630057803468, 0.9999630057803468, 0.9999630057803468]",False,106.319,
hybrid,59,45.png,20261064,4,196,True,True,32,1662.894954866729,0.9983630057803469,0.9983630057803469,"[0.9983630057803469, 0.9983630057803469, 0.9983630057803469, 0.9983630057803469]",True,68.636,
hybrid,60,44.png,20261065,4,196,True,True,42,2440.901791523709,0.9996485549132949,0.9996485549132949,"[0.9996485549132949, 0.9996485549132949, 0.9996485549132949, 0.9996485549132949]",False,100.512,
hybrid,61,43.png,20261066,4,196,True,True,55,2307.2518475453057,1.0,1.0,"[1.0, 1.0, 1.0, 1.0]",False,129.372,
hybrid,62,42.png,20261067,4,196,True,True,42,2806.3692562674933,0.9996708571428572,0.9996708571428572,"[0.9996708571428572, 0.9996708571428572, 0.9996708571428572, 0.9996708571428572]",True,81.896,
hybrid,63,41.png,20261068,4,196,True,True,62,2330.5540697732267,1.0,1.0,"[1.0, 1.0, 1.0, 1.0]",False,131.336,
hybrid,64,400.png,20261069,4,196,True,True,47,2371.1519647565947,0.99968,0.99968,"[0.99968, 0.99968, 0.99968, 0.99968]",False,107.934,
hybrid,65,40.png,20261070,4,196,True,True,45,2434.270403766053,0.9957028571428571,0.9957028571428571,"[0.9957028571428571, 0.9957028571428571, 0.9957028571428571, 0.9957028571428571]",True,95.068,
hybrid,66,4.png,20261071,4,196,True,True,44,2091.8932553447075,0.9963753086419753,0.9963753086419753,"[0.9963753086419753, 0.9963753086419753, 0.9963753086419753, 0.9963753086419753]",True,87.377,
hybrid,67,399.png,20261072,4,196,True,True,34,1771.9590574056203,0.9998933333333333,0.9998933333333333,"[0.9998933333333333, 0.9998933333333333, 0.9998933333333333, 0.9998933333333333]",False,82.642,
hybrid,68,398.png,20261073,4,196,True,True,39,1678.2471022368015,0.9959513812154697,0.9959513812154697,"[0.9959513812154697, 0.9959513812154697, 0.9959513812154697, 0.9959513812154697]",False,91.912,
hybrid,69,397.png,20261074,4,196,True,True,55,2429.567940108561,0.9999817142857143,0.9999817142857143,"[0.9999817142857143, 0.9999817142857143, 0.9999817142857143, 0.9999817142857143]",False,133.256,
hybrid,70,396.png,20261075,4,196,True,True,55,2913.7388659372755,0.9995611428571428,0.9995611428571428,"[0.9995611428571428, 0.9995611428571428, 0.9995611428571428, 0.9995611428571428]",True,130.616,
hybrid,71,395.png,20261076,4,196,True,True,46,2220.163852695076,1.0,1.0,"[1.0, 1.0, 1.0, 1.0]",True,109.901,
hybrid,72,394.png,20261077,4,196,True,True,42,1998.0287061633894,0.9948434285714286,0.9948434285714286,"[0.9948434285714286, 0.9948434285714286, 0.9948434285714286, 0.9948434285714286]",True,96.682,
hybrid,73,393.png,20261078,4,196,True,True,35,1667.698407352481,0.9987157894736842,0.9987157894736842,"[0.9987157894736842, 0.9987157894736842, 0.9987157894736842, 0.9987157894736842]",True,74.708,
hybrid,74,392.png,20261079,4,196,True,True,36,1753.0655743733282,0.9968519480519481,0.9968519480519481,"[0.9968519480519481, 0.9968519480519481, 0.9968519480519481, 0.9968519480519481]",True,70.665,
hybrid,75,391.png,20261080,4,196,True,True,49,2773.478894529877,0.9996,0.9996,"[0.9996, 0.9996, 0.9996, 0.9996]",True,113.348,
hybrid,76,390.png,20261081,4,196,True,True,37,2267.0770812621886,0.9996736842105263,0.9996736842105263,"[0.9996736842105263, 0.9996736842105263, 0.9996736842105263, 0.9996736842105263]",True,86.554,
hybrid,77,39.png,20261082,4,196,True,True,56,2386.3537675368016,0.9927683615819209,0.9927683615819209,"[0.9927683615819209, 0.9927683615819209, 0.9927683615819209, 0.9927683615819209]",True,132.066,
hybrid,78,389.png,20261083,4,196,True,True,41,1897.3337231088617,0.9998421052631579,0.9998421052631579,"[0.9998421052631579, 0.9998421052631579, 0.9998421052631579, 0.9998421052631579]",True,92.407,
hybrid,79,388.png,20261084,4,196,True,True,45,2000.6014621216252,1.0,1.0,"[1.0, 1.0, 1.0, 1.0]",True,105.765,
hybrid,80,387.png,20261085,4,196,True,True,76,4268.253250446787,1.0,1.0,"[1.0, 1.0, 1.0, 1.0]",False,178.183,
hybrid,81,386.png,20261086,4,196,True,True,76,3491.2213968652936,0.9997793103448276,0.9997793103448276,"[0.9997793103448276, 0.9997793103448276, 0.9997793103448276, 0.9997793103448276]",False,183.381,
hybrid,82,385.png,20261087,4,196,True,True,83,4809.782762130659,1.0,1.0,"[1.0, 1.0, 1.0, 1.0]",False,180.137,
hybrid,83,384.png,20261088,4,196,True,True,60,2350.4323568290906,1.0,1.0,"[1.0, 1.0, 1.0, 1.0]",False,133.108,
hybrid,84,383.png,20261089,4,196,True,True,56,2272.692670808253,0.9997425287356322,0.9989701149425287,"[0.9989701149425287, 1.0, 1.0, 1.0]",False,121.37,
hybrid,85,382.png,20261090,4,196,True,True,55,1931.3679313548923,0.9967279069767443,0.9938325581395349,"[0.997693023255814, 0.9938325581395349, 0.997693023255814, 0.997693023255814]",False,113.056,
hybrid,86,381.png,20261091,4,196,True,True,47,2232.655782702701,0.9996651162790697,0.9996651162790697,"[0.9996651162790697, 0.9996651162790697, 0.9996651162790697, 0.9996651162790697]",True,100.32,
hybrid,87,380.png,20261092,4,196,True,True,79,4105.224404766027,0.9999162790697674,0.9996651162790697,"[1.0, 0.9996651162790697, 1.0, 1.0]",False,163.017,
hybrid,88,38.png,20261093,4,196,True,True,54,2508.6079771378104,1.0,1.0,"[1.0, 1.0, 1.0, 1.0]",True,121.937,
hybrid,89,379.png,20261094,4,196,True,True,40,2160.8523086239875,0.9927168831168831,0.9927168831168831,"[0.9927168831168831, 0.9927168831168831, 0.9927168831168831, 0.9927168831168831]",True,85.459,
hybrid,90,378.png,20261095,4,196,True,True,48,1918.296830580645,0.9966790697674419,0.9964930232558139,"[0.9964930232558139, 0.9968651162790698, 0.9964930232558139, 0.9968651162790698]",False,92.137,
hybrid,91,377.png,20261096,4,196,True,True,48,2117.904184966563,0.9979148936170212,0.9979148936170212,"[0.9979148936170212, 0.9979148936170212, 0.9979148936170212, 0.9979148936170212]",True,106.66,
hybrid,92,376.png,20261097,4,196,True,True,56,2709.056660772268,0.9999646408839779,0.9999646408839779,"[0.9999646408839779, 0.9999646408839779, 0.9999646408839779, 0.9999646408839779]",False,138.929,
hybrid,93,375.png,20261098,4,196,True,True,46,2291.5259644808584,0.9992936170212766,0.9992936170212766,"[0.9992936170212766, 0.9992936170212766, 0.9992936170212766, 0.9992936170212766]",False,115.692,
hybrid,94,374.png,20261099,4,196,True,True,49,2635.4051727525134,0.9995659574468085,0.9995659574468085,"[0.9995659574468085, 0.9995659574468085, 0.9995659574468085, 0.9995659574468085]",False,113.484,
hybrid,95,373.png,20261100,4,196,True,True,46,2377.951819671046,0.9915829787234043,0.9915829787234043,"[0.9915829787234043, 0.9915829787234043, 0.9915829787234043, 0.9915829787234043]",False,114.892,
hybrid,96,372.png,20261101,4,196,True,True,45,2004.4643542030667,0.99905,0.99905,"[0.99905, 0.99905, 0.99905, 0.99905]",True,104.983,
hybrid,97,371.png,20261102,4,196,True,True,44,1939.319973091265,0.99342,0.99342,"[0.99342, 0.99342, 0.99342, 0.99342]",True,108.35,
hybrid,98,370.png,20261103,4,196,True,True,43,1591.8732543176634,0.9999,0.9999,"[0.9999, 0.9999, 0.9999, 0.9999]",True,98.04,
hybrid,99,37.png,20261104,4,196,True,True,46,2198.3666298360076,0.9989694915254237,0.9989694915254237,"[0.9989694915254237, 0.9989694915254237, 0.9989694915254237, 0.9989694915254237]",False,97.252,
