K,X_g,action_checks,case_id,condition,copy_violations,error,execution_ok,final_connected,full_connectivity_fraction_per_action,independent_checks_pass,individual_explored,layout_index,layout_sha256,map_path,max_distance_coordinate_units,mean_explored,method,min_explored,num_robots,seed,step_limit,steps,success,wall_seconds
13.0,13.0,1315,00_high_frontier_rendezvous,high,0,,True,True,0.311787072243346,True,"[0.9999512038523275, 0.9999512038523275, 0.9999512038523275, 0.9999512038523275, 0.9999512038523275]",0,028dd2a3ace6eec59929fbe5c34e78dfbebf8aaaa0802f97667138eaff4b0b4e,DungeonMaps/test/complex/433.png,9374.405028801866,0.9999512038523275,frontier_rendezvous,0.9999512038523275,5,20261008,384,263,True,690.812
13.0,13.0,505,00_high_ir2,high,0,,True,True,0.015841584158415842,True,"[0.9973239165329053, 0.9973239165329053, 0.9973239165329053, 0.9973239165329053, 0.9973239165329053]",0,028dd2a3ace6eec59929fbe5c34e78dfbebf8aaaa0802f97667138eaff4b0b4e,DungeonMaps/test/complex/433.png,7581.945350291748,0.9973239165329053,ir2,0.9973239165329053,5,20261008,384,101,True,287.381
0.0,0.0,1160,00_low_frontier_rendezvous,low,0,,True,True,0.22758620689655173,True,"[0.999953772070626, 0.999953772070626, 0.999953772070626, 0.999953772070626, 0.999953772070626]",0,028dd2a3ace6eec59929fbe5c34e78dfbebf8aaaa0802f97667138eaff4b0b4e,DungeonMaps/test/complex/433.png,8367.334604109668,0.999953772070626,frontier_rendezvous,0.999953772070626,5,20261006,384,232,True,622.105
0.0,0.0,475,00_low_ir2,low,0,,True,True,0.06947368421052631,True,"[0.991121669341894, 0.991121669341894, 0.991121669341894, 0.991121669341894, 0.991121669341894]",0,028dd2a3ace6eec59929fbe5c34e78dfbebf8aaaa0802f97667138eaff4b0b4e,DungeonMaps/test/complex/433.png,6309.009884041183,0.9911216693418939,ir2,0.991121669341894,5,20261006,384,95,True,272.062
6.5,6.5,1290,00_medium_frontier_rendezvous,medium,0,,True,True,0.2837209302325581,True,"[0.9924211878009631, 0.9924211878009631, 0.9924211878009631, 0.9924211878009631, 0.9924211878009631]",0,028dd2a3ace6eec59929fbe5c34e78dfbebf8aaaa0802f97667138eaff4b0b4e,DungeonMaps/test/complex/433.png,9064.529738490177,0.9924211878009631,frontier_rendezvous,0.9924211878009631,5,20261007,384,258,True,664.239
6.5,6.5,475,00_medium_ir2,medium,0,,True,False,0.031578947368421054,True,"[0.9999845906902086, 0.9999845906902086, 0.9999845906902086, 0.9999845906902086, 0.9999845906902086]",0,028dd2a3ace6eec59929fbe5c34e78dfbebf8aaaa0802f97667138eaff4b0b4e,DungeonMaps/test/complex/433.png,6564.783562151473,0.9999845906902086,ir2,0.9999845906902086,5,20261007,384,95,True,264.039
13.0,13.0,1920,01_high_frontier_rendezvous,high,0,,True,False,0.008333333333333333,True,"[0.9623099337748344, 0.9623099337748344, 0.9999752759381898, 0.9999752759381898, 0.9999752759381898]",1,0307a583c891c92dfc9e60a6b3ddef338df85a9e68a225bae7b7a83ceadd5475,DungeonMaps/test/complex/235.png,11993.978125453694,0.9849091390728477,frontier_rendezvous,0.9623099337748344,5,20261018,384,384,False,1560.852
13.0,13.0,895,01_high_ir2,high,0,,True,False,0.02905027932960894,True,"[0.9967611479028697, 0.9967611479028697, 0.9999540838852097, 0.9967611479028697, 0.9967611479028697]",1,0307a583c891c92dfc9e60a6b3ddef338df85a9e68a225bae7b7a83ceadd5475,DungeonMaps/test/complex/235.png,13433.63392453182,0.9973997350993378,ir2,0.9967611479028697,5,20261018,384,179,True,797.28
0.0,0.0,1920,01_low_frontier_rendezvous,low,0,,True,False,0.010416666666666666,True,"[0.9566004415011038, 0.9999735099337749, 0.9999735099337749, 0.9566004415011038, 0.9999735099337749]",1,0307a583c891c92dfc9e60a6b3ddef338df85a9e68a225bae7b7a83ceadd5475,DungeonMaps/test/complex/235.png,11773.829843547164,0.9826242825607064,frontier_rendezvous,0.9566004415011038,5,20261016,384,384,False,1453.342
0.0,0.0,1480,01_low_ir2,low,0,,True,False,0.016891891891891893,True,"[0.9999558498896247, 0.9999558498896247, 0.9999558498896247, 0.9999717439293598, 0.9999558498896247]",1,0307a583c891c92dfc9e60a6b3ddef338df85a9e68a225bae7b7a83ceadd5475,DungeonMaps/test/complex/235.png,19678.616450494184,0.9999590286975717,ir2,0.9999558498896247,5,20261016,384,296,True,1287.435
6.5,6.5,1920,01_medium_frontier_rendezvous,medium,0,,True,False,0.010416666666666666,True,"[0.945119646799117, 0.9999735099337749, 0.9999735099337749, 0.945119646799117, 0.9999735099337749]",1,0307a583c891c92dfc9e60a6b3ddef338df85a9e68a225bae7b7a83ceadd5475,DungeonMaps/test/complex/235.png,11830.64506333413,0.9780319646799118,frontier_rendezvous,0.945119646799117,5,20261017,384,384,False,1515.503
6.5,6.5,620,01_medium_ir2,medium,0,,True,True,0.03870967741935484,True,"[0.9999664459161148, 0.9999664459161148, 0.9999664459161148, 0.9999664459161148, 0.9999664459161148]",1,0307a583c891c92dfc9e60a6b3ddef338df85a9e68a225bae7b7a83ceadd5475,DungeonMaps/test/complex/235.png,9413.112828734109,0.9999664459161149,ir2,0.9999664459161148,5,20261017,384,124,True,577.223
13.0,13.0,1340,02_high_frontier_rendezvous,high,0,,True,True,0.31492537313432833,True,"[0.9902646766169154, 0.9902646766169154, 0.9902646766169154, 0.9902646766169154, 0.9902646766169154]",2,0386c63538d4027bd8b9f10ab38e22a812d3e17fe92e1fb0124d59ac266be84c,DungeonMaps/test/complex/59.png,8508.89707791006,0.9902646766169154,frontier_rendezvous,0.9902646766169154,5,20261028,384,268,True,815.902
13.0,13.0,790,02_high_ir2,high,0,,True,False,0.05063291139240506,True,"[0.9989810945273632, 0.9989850746268657, 0.9989810945273632, 0.9989810945273632, 0.9989850746268657]",2,0386c63538d4027bd8b9f10ab38e22a812d3e17fe92e1fb0124d59ac266be84c,DungeonMaps/test/complex/59.png,12707.865791565315,0.9989826865671642,ir2,0.9989810945273632,5,20261028,384,158,True,660.854
0.0,0.0,1170,02_low_frontier_rendezvous,low,0,,True,True,0.3316239316239316,True,"[0.9985432835820895, 0.9985432835820895, 0.9985432835820895, 0.9985432835820895, 0.9985432835820895]",2,0386c63538d4027bd8b9f10ab38e22a812d3e17fe92e1fb0124d59ac266be84c,DungeonMaps/test/complex/59.png,7412.6860083584,0.9985432835820894,frontier_rendezvous,0.9985432835820895,5,20261026,384,234,True,689.103
0.0,0.0,475,02_low_ir2,low,0,,True,False,0.1726315789473684,True,"[0.9999144278606965, 0.9999144278606965, 0.9999144278606965, 0.9999144278606965, 0.9999144278606965]",2,0386c63538d4027bd8b9f10ab38e22a812d3e17fe92e1fb0124d59ac266be84c,DungeonMaps/test/complex/59.png,7480.525675718984,0.9999144278606964,ir2,0.9999144278606965,5,20261026,384,95,True,403.144
6.5,6.5,1920,02_medium_frontier_rendezvous,medium,0,,True,False,0.19739583333333333,True,"[0.999992039800995, 0.8809213930348259, 0.999992039800995, 0.999992039800995, 0.999992039800995]",2,0386c63538d4027bd8b9f10ab38e22a812d3e17fe92e1fb0124d59ac266be84c,DungeonMaps/test/complex/59.png,12631.281022313748,0.9761779104477613,frontier_rendezvous,0.8809213930348259,5,20261027,384,384,False,1326.491
6.5,6.5,505,02_medium_ir2,medium,0,,True,False,0.100990099009901,True,"[0.9988716417910448, 0.9988716417910448, 0.9988716417910448, 0.9988716417910448, 0.9988716417910448]",2,0386c63538d4027bd8b9f10ab38e22a812d3e17fe92e1fb0124d59ac266be84c,DungeonMaps/test/complex/59.png,8072.456529204558,0.9988716417910448,ir2,0.9988716417910448,5,20261027,384,101,True,422.662
13.0,13.0,1920,03_high_frontier_rendezvous,high,0,,True,False,0.0296875,True,"[0.9999899749373433, 0.9999899749373433, 0.9094395989974937, 0.9094395989974937, 0.9999899749373433]",3,04193df2c7a2b6693951f17718cbc625cce69cf5bc4ed18d66e7f252fbe601a5,DungeonMaps/test/complex/355.png,13894.09153562545,0.9637698245614035,frontier_rendezvous,0.9094395989974937,5,20261038,384,384,False,1645.309
13.0,13.0,1065,03_high_ir2,high,0,,True,False,0.008450704225352112,True,"[0.9998235588972431, 0.9999177944862155, 0.9998235588972431, 0.9998235588972431, 0.9999177944862155]",3,04193df2c7a2b6693951f17718cbc625cce69cf5bc4ed18d66e7f252fbe601a5,DungeonMaps/test/complex/355.png,14725.084077635878,0.9998612531328321,ir2,0.9998235588972431,5,20261038,384,213,True,1011.534
0.0,0.0,1170,03_low_frontier_rendezvous,low,0,,True,True,0.07606837606837606,True,"[0.9998255639097744, 0.9998255639097744, 0.9998255639097744, 0.9998255639097744, 0.9998255639097744]",3,04193df2c7a2b6693951f17718cbc625cce69cf5bc4ed18d66e7f252fbe601a5,DungeonMaps/test/complex/355.png,8295.063238024015,0.9998255639097744,frontier_rendezvous,0.9998255639097744,5,20261036,384,234,True,806.329
0.0,0.0,560,03_low_ir2,low,0,,True,True,0.044642857142857144,True,"[0.9904280701754385, 0.9904280701754385, 0.9904280701754385, 0.9904280701754385, 0.9904280701754385]",3,04193df2c7a2b6693951f17718cbc625cce69cf5bc4ed18d66e7f252fbe601a5,DungeonMaps/test/complex/355.png,8577.557097146515,0.9904280701754387,ir2,0.9904280701754385,5,20261036,384,112,True,517.585
6.5,6.5,1225,03_medium_frontier_rendezvous,medium,0,,True,True,0.09795918367346938,True,"[0.995035588972431, 0.995035588972431, 0.995035588972431, 0.995035588972431, 0.995035588972431]",3,04193df2c7a2b6693951f17718cbc625cce69cf5bc4ed18d66e7f252fbe601a5,DungeonMaps/test/complex/355.png,8713.605100515057,0.995035588972431,frontier_rendezvous,0.995035588972431,5,20261037,384,245,True,861.123
6.5,6.5,605,03_medium_ir2,medium,0,,True,False,0.021487603305785124,True,"[0.9998075187969925, 0.9998075187969925, 0.9998075187969925, 0.9998075187969925, 0.9998075187969925]",3,04193df2c7a2b6693951f17718cbc625cce69cf5bc4ed18d66e7f252fbe601a5,DungeonMaps/test/complex/355.png,9158.750449093284,0.9998075187969924,ir2,0.9998075187969925,5,20261037,384,121,True,559.873
13.0,13.0,1920,04_high_frontier_rendezvous,high,0,,True,False,0.08177083333333333,True,"[0.99999341563786, 0.99999341563786, 0.99999341563786, 0.99999341563786, 0.8753909465020576]",4,04560fbb9c118f5108b0b1855e0c477d9625d132194ca77f093c4f1b9fa943cb,DungeonMaps/test/complex/465.png,12472.694121954895,0.9750729218106995,frontier_rendezvous,0.8753909465020576,5,20261048,384,384,False,1347.717
13.0,13.0,700,04_high_ir2,high,0,,True,False,0.03428571428571429,True,"[0.9999144032921811, 0.9999144032921811, 0.9999144032921811, 0.9999144032921811, 0.9999144032921811]",4,04560fbb9c118f5108b0b1855e0c477d9625d132194ca77f093c4f1b9fa943cb,DungeonMaps/test/complex/465.png,10662.542645342284,0.9999144032921811,ir2,0.9999144032921811,5,20261048,384,140,True,559.307
0.0,0.0,1285,04_low_frontier_rendezvous,low,0,,True,True,0.14941634241245136,True,"[0.99999341563786, 0.99999341563786, 0.99999341563786, 0.99999341563786, 0.99999341563786]",4,04560fbb9c118f5108b0b1855e0c477d9625d132194ca77f093c4f1b9fa943cb,DungeonMaps/test/complex/465.png,8879.457424014889,0.99999341563786,frontier_rendezvous,0.99999341563786,5,20261046,384,257,True,730.198
0.0,0.0,1915,04_low_ir2,low,0,,True,False,0.46840731070496083,True,"[0.9999144032921811, 0.9999144032921811, 0.9999144032921811, 0.9999144032921811, 0.9999144032921811]",4,04560fbb9c118f5108b0b1855e0c477d9625d132194ca77f093c4f1b9fa943cb,DungeonMaps/test/complex/465.png,22776.25558542966,0.9999144032921811,ir2,0.9999144032921811,5,20261046,384,383,True,1354.662
6.5,6.5,1405,04_medium_frontier_rendezvous,medium,0,,True,True,0.14377224199288255,True,"[0.9923731138545954, 0.9923731138545954, 0.9923731138545954, 0.9923731138545954, 0.9923731138545954]",4,04560fbb9c118f5108b0b1855e0c477d9625d132194ca77f093c4f1b9fa943cb,DungeonMaps/test/complex/465.png,10446.062784896623,0.9923731138545954,frontier_rendezvous,0.9923731138545954,5,20261047,384,281,True,900.74
6.5,6.5,525,04_medium_ir2,medium,0,,True,False,0.0838095238095238,True,"[0.996073525377229, 0.999918792866941, 0.999918792866941, 0.999918792866941, 0.999918792866941]",4,04560fbb9c118f5108b0b1855e0c477d9625d132194ca77f093c4f1b9fa943cb,DungeonMaps/test/complex/465.png,7902.32176860818,0.9991497393689986,ir2,0.996073525377229,5,20261047,384,105,True,351.181
13.0,13.0,1430,05_high_frontier_rendezvous,high,0,,True,True,0.0944055944055944,True,"[0.9999806451612904, 0.9999806451612904, 0.9999806451612904, 0.9999806451612904, 0.9999806451612904]",5,04c4927cf24096c7174a45004e73392b489d989a599d58145e834f5744f553a4,DungeonMaps/test/complex/395.png,10099.292835679358,0.9999806451612903,frontier_rendezvous,0.9999806451612904,5,20261058,384,286,True,923.258
13.0,13.0,1215,05_high_ir2,high,0,,True,False,0.007407407407407408,True,"[0.9999849462365591, 0.9999849462365591, 0.9999655913978495, 0.9999849462365591, 0.9999655913978495]",5,04c4927cf24096c7174a45004e73392b489d989a599d58145e834f5744f553a4,DungeonMaps/test/complex/395.png,17539.890539801218,0.9999772043010753,ir2,0.9999655913978495,5,20261058,384,243,True,933.885
0.0,0.0,1415,05_low_frontier_rendezvous,low,0,,True,True,0.2734982332155477,True,"[0.9966817204301075, 0.9966817204301075, 0.9966817204301075, 0.9966817204301075, 0.9966817204301075]",5,04c4927cf24096c7174a45004e73392b489d989a599d58145e834f5744f553a4,DungeonMaps/test/complex/395.png,10111.20764810055,0.9966817204301075,frontier_rendezvous,0.9966817204301075,5,20261056,384,283,True,874.557
0.0,0.0,565,05_low_ir2,low,0,,True,False,0.15752212389380532,True,"[0.9999763440860215, 0.9999763440860215, 0.9999763440860215, 0.9999763440860215, 0.9999763440860215]",5,04c4927cf24096c7174a45004e73392b489d989a599d58145e834f5744f553a4,DungeonMaps/test/complex/395.png,9804.850049088755,0.9999763440860215,ir2,0.9999763440860215,5,20261056,384,113,True,380.32
6.5,6.5,1575,05_medium_frontier_rendezvous,medium,0,,True,True,0.18158730158730158,True,"[0.9999806451612904, 0.9999806451612904, 0.9999806451612904, 0.9999806451612904, 0.9999806451612904]",5,04c4927cf24096c7174a45004e73392b489d989a599d58145e834f5744f553a4,DungeonMaps/test/complex/395.png,10267.447157446994,0.9999806451612903,frontier_rendezvous,0.9999806451612904,5,20261057,384,315,True,1052.696
6.5,6.5,675,05_medium_ir2,medium,0,,True,True,0.05925925925925926,True,"[0.9999354838709678, 0.9999354838709678, 0.9999354838709678, 0.9999354838709678, 0.9999354838709678]",5,04c4927cf24096c7174a45004e73392b489d989a599d58145e834f5744f553a4,DungeonMaps/test/complex/395.png,10522.1482715681,0.9999354838709678,ir2,0.9999354838709678,5,20261057,384,135,True,454.475
13.0,13.0,1920,06_high_frontier_rendezvous,high,0,,True,False,0.0067708333333333336,True,"[1.0, 0.8977030136986301, 1.0, 0.8977030136986301, 1.0]",6,053ade8b7ad9a21ff1d42bfc70f55ebf0fa297ecf3468adac180eb675410181b,DungeonMaps/test/complex/177.png,16733.591576523755,0.9590812054794521,frontier_rendezvous,0.8977030136986301,5,20261068,384,384,False,1319.114
13.0,13.0,995,06_high_ir2,high,0,,True,False,0.018090452261306532,True,"[1.0, 1.0, 1.0, 1.0, 1.0]",6,053ade8b7ad9a21ff1d42bfc70f55ebf0fa297ecf3468adac180eb675410181b,DungeonMaps/test/complex/177.png,14198.024150933716,1.0,ir2,1.0,5,20261068,384,199,True,698.367
0.0,0.0,1895,06_low_frontier_rendezvous,low,0,,True,False,0.027440633245382585,True,"[1.0, 0.9996931506849315, 0.9996931506849315, 0.9996931506849315, 1.0]",6,053ade8b7ad9a21ff1d42bfc70f55ebf0fa297ecf3468adac180eb675410181b,DungeonMaps/test/complex/177.png,14723.176381391904,0.9998158904109588,frontier_rendezvous,0.9996931506849315,5,20261066,384,379,True,1217.597
0.0,0.0,1920,06_low_ir2,low,0,,True,False,0.071875,True,"[0.9999605479452055, 0.9999605479452055, 0.9999605479452055, 0.6580471232876712, 0.9999605479452055]",6,053ade8b7ad9a21ff1d42bfc70f55ebf0fa297ecf3468adac180eb675410181b,DungeonMaps/test/complex/177.png,27532.74462594458,0.9315778630136986,ir2,0.6580471232876712,5,20261066,384,384,False,1318.405
6.5,6.5,1920,06_medium_frontier_rendezvous,medium,0,,True,False,0.011979166666666667,True,"[0.9877347945205479, 0.9877347945205479, 0.9877347945205479, 0.9877347945205479, 0.6005567123287672]",6,053ade8b7ad9a21ff1d42bfc70f55ebf0fa297ecf3468adac180eb675410181b,DungeonMaps/test/complex/177.png,14357.43165849039,0.9102991780821916,frontier_rendezvous,0.6005567123287672,5,20261067,384,384,False,1248.055
6.5,6.5,1415,06_medium_ir2,medium,0,,True,False,0.12508833922261484,True,"[0.9999934246575343, 0.9999934246575343, 0.9999934246575343, 0.9999934246575343, 0.9999934246575343]",6,053ade8b7ad9a21ff1d42bfc70f55ebf0fa297ecf3468adac180eb675410181b,DungeonMaps/test/complex/177.png,20305.256397724246,0.9999934246575343,ir2,0.9999934246575343,5,20261067,384,283,True,910.591
13.0,13.0,1325,07_high_frontier_rendezvous,high,0,,True,True,0.04452830188679245,True,"[0.9999732115677321, 0.9999732115677321, 0.9999732115677321, 0.9999732115677321, 0.9999732115677321]",7,05abd3cbf4da3d47e96b0b87739ec3e629a59eb59428bdfcabe006f09d452260,DungeonMaps/test/complex/217.png,8109.691073354641,0.9999732115677322,frontier_rendezvous,0.9999732115677321,5,20261078,384,265,True,712.869
13.0,13.0,840,07_high_ir2,high,0,,True,False,0.02142857142857143,True,"[0.9999975646879756, 0.9999975646879756, 0.9999975646879756, 0.9999975646879756, 0.9999975646879756]",7,05abd3cbf4da3d47e96b0b87739ec3e629a59eb59428bdfcabe006f09d452260,DungeonMaps/test/complex/217.png,11828.964347413965,0.9999975646879756,ir2,0.9999975646879756,5,20261078,384,168,True,525.613
0.0,0.0,1020,07_low_frontier_rendezvous,low,0,,True,False,0.012745098039215686,True,"[0.9999732115677321, 0.9999732115677321, 0.9999732115677321, 0.9999732115677321, 0.9999732115677321]",7,05abd3cbf4da3d47e96b0b87739ec3e629a59eb59428bdfcabe006f09d452260,DungeonMaps/test/complex/217.png,6475.567636708288,0.9999732115677322,frontier_rendezvous,0.9999732115677321,5,20261076,384,204,True,519.501
0.0,0.0,645,07_low_ir2,low,0,,True,False,0.040310077519379844,True,"[0.9998465753424658, 0.9998709284627093, 0.9998709284627093, 0.9998465753424658, 0.9998709284627093]",7,05abd3cbf4da3d47e96b0b87739ec3e629a59eb59428bdfcabe006f09d452260,DungeonMaps/test/complex/217.png,9133.854326639623,0.9998611872146119,ir2,0.9998465753424658,5,20261076,384,129,True,406.648
6.5,6.5,1055,07_medium_frontier_rendezvous,medium,0,,True,True,0.014218009478672985,True,"[0.9999732115677321, 0.9999732115677321, 0.9999732115677321, 0.9999732115677321, 0.9999732115677321]",7,05abd3cbf4da3d47e96b0b87739ec3e629a59eb59428bdfcabe006f09d452260,DungeonMaps/test/complex/217.png,6250.882370131998,0.9999732115677322,frontier_rendezvous,0.9999732115677321,5,20261077,384,211,True,541.386
6.5,6.5,930,07_medium_ir2,medium,0,,True,False,0.043010752688172046,True,"[0.9999391171993912, 0.9999391171993912, 0.9999391171993912, 0.9999391171993912, 0.9999391171993912]",7,05abd3cbf4da3d47e96b0b87739ec3e629a59eb59428bdfcabe006f09d452260,DungeonMaps/test/complex/217.png,13902.359956516799,0.9999391171993912,ir2,0.9999391171993912,5,20261077,384,186,True,591.748
13.0,13.0,1520,08_high_frontier_rendezvous,high,0,,True,True,0.05197368421052632,True,"[0.9999877551020409, 0.9999877551020409, 0.9999877551020409, 0.9999877551020409, 0.9999877551020409]",8,05b595ac4b7e865b107440c3cb19b1ed883571d2fbd11ae0d9dcc97e85b4a342,DungeonMaps/test/complex/159.png,9389.153864171456,0.9999877551020407,frontier_rendezvous,0.9999877551020409,5,20261088,384,304,True,1013.338
13.0,13.0,1920,08_high_ir2,high,0,,True,False,0.008333333333333333,True,"[0.9892897959183673, 0.9892897959183673, 0.9892897959183673, 0.9892897959183673, 0.9892897959183673]",8,05b595ac4b7e865b107440c3cb19b1ed883571d2fbd11ae0d9dcc97e85b4a342,DungeonMaps/test/complex/159.png,24255.210826797167,0.9892897959183673,ir2,0.9892897959183673,5,20261088,384,384,False,1318.661
0.0,0.0,1920,08_low_frontier_rendezvous,low,0,,True,False,0.04739583333333333,True,"[0.9999877551020409, 0.8307122448979591, 0.9999877551020409, 0.9999877551020409, 0.9999877551020409]",8,05b595ac4b7e865b107440c3cb19b1ed883571d2fbd11ae0d9dcc97e85b4a342,DungeonMaps/test/complex/159.png,12180.911527843415,0.9661326530612244,frontier_rendezvous,0.8307122448979591,5,20261086,384,384,False,1257.359
0.0,0.0,1920,08_low_ir2,low,0,,True,False,0.28229166666666666,True,"[0.921165306122449, 0.9839224489795918, 0.921165306122449, 0.921165306122449, 0.921165306122449]",8,05b595ac4b7e865b107440c3cb19b1ed883571d2fbd11ae0d9dcc97e85b4a342,DungeonMaps/test/complex/159.png,24550.163450409516,0.9337167346938775,ir2,0.921165306122449,5,20261086,384,384,False,1299.757
6.5,6.5,1875,08_medium_frontier_rendezvous,medium,0,,True,False,0.04533333333333334,True,"[0.9999877551020409, 0.9915367346938776, 0.9915367346938776, 0.9999877551020409, 0.9999877551020409]",8,05b595ac4b7e865b107440c3cb19b1ed883571d2fbd11ae0d9dcc97e85b4a342,DungeonMaps/test/complex/159.png,11770.810585856507,0.9966073469387755,frontier_rendezvous,0.9915367346938776,5,20261087,384,375,True,1227.779
6.5,6.5,990,08_medium_ir2,medium,0,,True,False,0.03434343434343434,True,"[0.9999918367346938, 0.9999918367346938, 0.9999918367346938, 0.9999918367346938, 0.9999918367346938]",8,05b595ac4b7e865b107440c3cb19b1ed883571d2fbd11ae0d9dcc97e85b4a342,DungeonMaps/test/complex/159.png,14336.547859887945,0.9999918367346938,ir2,0.9999918367346938,5,20261087,384,198,True,730.35
13.0,13.0,1920,09_high_frontier_rendezvous,high,0,,True,False,0.008854166666666666,True,"[1.0, 1.0, 0.8136375690607734, 1.0, 1.0]",9,06077f31ee2cbca1a73fd616f91487606e0f13db71de0462e24adfddbace83c0,DungeonMaps/test/complex/13.png,13769.815899978548,0.9627275138121547,frontier_rendezvous,0.8136375690607734,5,20261098,384,384,False,1261.47
13.0,13.0,1195,09_high_ir2,high,0,,True,False,0.0041841004184100415,True,"[0.9999646408839779, 0.9999845303867403, 0.9999845303867403, 0.9999646408839779, 0.9999646408839779]",9,06077f31ee2cbca1a73fd616f91487606e0f13db71de0462e24adfddbace83c0,DungeonMaps/test/complex/13.png,16712.057900404918,0.9999725966850829,ir2,0.9999646408839779,5,20261098,384,239,True,710.594
0.0,0.0,1275,09_low_frontier_rendezvous,low,0,,True,True,0.3843137254901961,True,"[0.9905259668508287, 0.9905259668508287, 0.9905259668508287, 0.9905259668508287, 0.9905259668508287]",9,06077f31ee2cbca1a73fd616f91487606e0f13db71de0462e24adfddbace83c0,DungeonMaps/test/complex/13.png,9321.792830038346,0.9905259668508288,frontier_rendezvous,0.9905259668508287,5,20261096,384,255,True,736.564
0.0,0.0,655,09_low_ir2,low,0,,True,True,0.01984732824427481,True,"[0.9999005524861878, 0.9999005524861878, 0.9999005524861878, 0.9999005524861878, 0.9999005524861878]",9,06077f31ee2cbca1a73fd616f91487606e0f13db71de0462e24adfddbace83c0,DungeonMaps/test/complex/13.png,8975.011542931066,0.9999005524861879,ir2,0.9999005524861878,5,20261096,384,131,True,446.932
6.5,6.5,1315,09_medium_frontier_rendezvous,medium,0,,True,True,0.3414448669201521,True,"[0.9905259668508287, 0.9905259668508287, 0.9905259668508287, 0.9905259668508287, 0.9905259668508287]",9,06077f31ee2cbca1a73fd616f91487606e0f13db71de0462e24adfddbace83c0,DungeonMaps/test/complex/13.png,9458.3128713852,0.9905259668508288,frontier_rendezvous,0.9905259668508287,5,20261097,384,263,True,760.69
6.5,6.5,520,09_medium_ir2,medium,0,,True,True,0.09423076923076923,True,"[0.9998276243093923, 0.9998276243093923, 0.9998276243093923, 0.9998276243093923, 0.9998276243093923]",9,06077f31ee2cbca1a73fd616f91487606e0f13db71de0462e24adfddbace83c0,DungeonMaps/test/complex/13.png,8051.1316813127105,0.9998276243093922,ir2,0.9998276243093923,5,20261097,384,104,True,361.258
13.0,13.0,1725,10_high_frontier_rendezvous,high,0,,True,True,0.1826086956521739,True,"[0.9905718377088305, 0.9905718377088305, 0.9905718377088305, 0.9905718377088305, 0.9905718377088305]",10,07277477c9ff286675a6a7615431f1c830ed8eb85d4d874bf402e3266326f0dc,DungeonMaps/test/complex/259.png,12296.112095872691,0.9905718377088306,frontier_rendezvous,0.9905718377088305,5,20261108,384,345,True,1241.377
13.0,13.0,1920,10_high_ir2,high,0,,True,False,0.008333333333333333,True,"[0.9074501193317422, 0.9074501193317422, 0.9074501193317422, 0.9074501193317422, 0.9074501193317422]",10,07277477c9ff286675a6a7615431f1c830ed8eb85d4d874bf402e3266326f0dc,DungeonMaps/test/complex/259.png,22680.7478323265,0.9074501193317422,ir2,0.9074501193317422,5,20261108,384,384,False,1371.498
0.0,0.0,1280,10_low_frontier_rendezvous,low,0,,True,True,0.0421875,True,"[0.9999942720763724, 0.9999942720763724, 0.9999942720763724, 0.9999942720763724, 0.9999942720763724]",10,07277477c9ff286675a6a7615431f1c830ed8eb85d4d874bf402e3266326f0dc,DungeonMaps/test/complex/259.png,9499.969791348109,0.9999942720763724,frontier_rendezvous,0.9999942720763724,5,20261106,384,256,True,864.849
0.0,0.0,510,10_low_ir2,low,0,,True,True,0.0784313725490196,True,"[0.9999140811455848, 0.9999140811455848, 0.9999140811455848, 0.9999140811455848, 0.9999140811455848]",10,07277477c9ff286675a6a7615431f1c830ed8eb85d4d874bf402e3266326f0dc,DungeonMaps/test/complex/259.png,8008.042833570715,0.9999140811455847,ir2,0.9999140811455848,5,20261106,384,102,True,405.707
6.5,6.5,1710,10_medium_frontier_rendezvous,medium,0,,True,True,0.1912280701754386,True,"[0.9905718377088305, 0.9905718377088305, 0.9905718377088305, 0.9905718377088305, 0.9905718377088305]",10,07277477c9ff286675a6a7615431f1c830ed8eb85d4d874bf402e3266326f0dc,DungeonMaps/test/complex/259.png,12202.625649171589,0.9905718377088306,frontier_rendezvous,0.9905718377088305,5,20261107,384,342,True,1214.065
6.5,6.5,570,10_medium_ir2,medium,0,,True,False,0.0456140350877193,True,"[0.9998606205250596, 0.9998606205250596, 0.9998606205250596, 0.9998606205250596, 0.9998606205250596]",10,07277477c9ff286675a6a7615431f1c830ed8eb85d4d874bf402e3266326f0dc,DungeonMaps/test/complex/259.png,8597.442456787901,0.9998606205250595,ir2,0.9998606205250596,5,20261107,384,114,True,458.402
13.0,13.0,1570,11_high_frontier_rendezvous,high,0,,True,True,0.25414012738853503,True,"[0.990873631840796, 0.990873631840796, 0.990873631840796, 0.990873631840796, 0.990873631840796]",11,09fb0b9bb8e0047843c0e77227222092c335c19c60f0d0fa6dd5301be5b369eb,DungeonMaps/test/complex/493.png,12849.45228767296,0.990873631840796,frontier_rendezvous,0.990873631840796,5,20261118,384,314,True,1042.773
13.0,13.0,835,11_high_ir2,high,0,,True,False,0.008383233532934131,True,"[0.9999542288557214, 0.9990427860696517, 0.9999542288557214, 0.9999542288557214, 0.9999542288557214]",11,09fb0b9bb8e0047843c0e77227222092c335c19c60f0d0fa6dd5301be5b369eb,DungeonMaps/test/complex/493.png,12465.635543667024,0.9997719402985075,ir2,0.9990427860696517,5,20261118,384,167,True,613.725
0.0,0.0,1295,11_low_frontier_rendezvous,low,0,,True,True,0.14131274131274132,True,"[0.9968378109452737, 0.9968378109452737, 0.9968378109452737, 0.9968378109452737, 0.9968378109452737]",11,09fb0b9bb8e0047843c0e77227222092c335c19c60f0d0fa6dd5301be5b369eb,DungeonMaps/test/complex/493.png,11296.233886448332,0.9968378109452736,frontier_rendezvous,0.9968378109452737,5,20261116,384,259,True,887.822
0.0,0.0,1920,11_low_ir2,low,0,,True,False,0.44375,True,"[0.9999004975124378, 0.9999004975124378, 0.9999004975124378, 0.9999004975124378, 0.8372119402985074]",11,09fb0b9bb8e0047843c0e77227222092c335c19c60f0d0fa6dd5301be5b369eb,DungeonMaps/test/complex/493.png,19162.6116392867,0.9673627860696516,ir2,0.8372119402985074,5,20261116,384,384,False,1221.296
6.5,6.5,1640,11_medium_frontier_rendezvous,medium,0,,True,True,0.08780487804878048,True,"[0.9908875621890547, 0.9908875621890547, 0.9908875621890547, 0.9908875621890547, 0.9908875621890547]",11,09fb0b9bb8e0047843c0e77227222092c335c19c60f0d0fa6dd5301be5b369eb,DungeonMaps/test/complex/493.png,11023.575470185808,0.9908875621890548,frontier_rendezvous,0.9908875621890547,5,20261117,384,328,True,1149.661
6.5,6.5,575,11_medium_ir2,medium,0,,True,True,0.04521739130434783,True,"[0.9930467661691542, 0.9930467661691542, 0.9930467661691542, 0.9930467661691542, 0.9930467661691542]",11,09fb0b9bb8e0047843c0e77227222092c335c19c60f0d0fa6dd5301be5b369eb,DungeonMaps/test/complex/493.png,8759.660676248679,0.9930467661691542,ir2,0.9930467661691542,5,20261117,384,115,True,428.434
13.0,13.0,1175,12_high_frontier_rendezvous,high,0,,True,False,0.12340425531914893,True,"[0.9999979848866499, 0.9999979848866499, 0.9906115869017632, 0.9999979848866499, 0.9999979848866499]",12,0cf5f120f4cb318d057b7ea435683d98d48040f2d2826224f1f8f62d259d92f9,DungeonMaps/test/complex/321.png,7199.631669581251,0.9981207052896727,frontier_rendezvous,0.9906115869017632,5,20261128,384,235,True,704.161
13.0,13.0,665,12_high_ir2,high,0,,True,False,0.022556390977443608,True,"[0.9973944584382871, 0.9973259445843828, 0.9973944584382871, 0.9973944584382871, 0.9973944584382871]",12,0cf5f120f4cb318d057b7ea435683d98d48040f2d2826224f1f8f62d259d92f9,DungeonMaps/test/complex/321.png,9501.85804124398,0.9973807556675063,ir2,0.9973259445843828,5,20261128,384,133,True,477.824
0.0,0.0,1190,12_low_frontier_rendezvous,low,0,,True,False,0.0546218487394958,True,"[0.9999979848866499, 0.9999979848866499, 0.9999979848866499, 0.9999979848866499, 0.9999979848866499]",12,0cf5f120f4cb318d057b7ea435683d98d48040f2d2826224f1f8f62d259d92f9,DungeonMaps/test/complex/321.png,7564.24910675852,0.9999979848866498,frontier_rendezvous,0.9999979848866499,5,20261126,384,238,True,586.443
0.0,0.0,855,12_low_ir2,low,0,,True,False,0.03274853801169591,True,"[0.998303274559194, 0.998303274559194, 0.9982931989924433, 0.998303274559194, 0.998303274559194]",12,0cf5f120f4cb318d057b7ea435683d98d48040f2d2826224f1f8f62d259d92f9,DungeonMaps/test/complex/321.png,11655.973536331163,0.9983012594458438,ir2,0.9982931989924433,5,20261126,384,171,True,620.171
6.5,6.5,1190,12_medium_frontier_rendezvous,medium,0,,True,True,0.0453781512605042,True,"[0.9999979848866499, 0.9999979848866499, 0.9999979848866499, 0.9999979848866499, 0.9999979848866499]",12,0cf5f120f4cb318d057b7ea435683d98d48040f2d2826224f1f8f62d259d92f9,DungeonMaps/test/complex/321.png,7438.891098428058,0.9999979848866498,frontier_rendezvous,0.9999979848866499,5,20261127,384,238,True,589.792
6.5,6.5,570,12_medium_ir2,medium,0,,True,False,0.03684210526315789,True,"[0.9957743073047859, 0.9983093198992443, 0.9983093198992443, 0.9983093198992443, 0.9983093198992443]",12,0cf5f120f4cb318d057b7ea435683d98d48040f2d2826224f1f8f62d259d92f9,DungeonMaps/test/complex/321.png,7900.885172561555,0.9978023173803526,ir2,0.9957743073047859,5,20261127,384,114,True,347.219
13.0,13.0,1380,13_high_frontier_rendezvous,high,0,,True,False,0.0391304347826087,True,"[0.9999935309973046, 0.9999935309973046, 0.9999935309973046, 0.9999935309973046, 0.9916614555256065]",13,0d824246a5aef69384deae5c24068f6ffbe7973b0cbc3dc74bef6a1b8449059f,DungeonMaps/test/complex/91.png,9021.81595936457,0.998327115902965,frontier_rendezvous,0.9916614555256065,5,20261138,384,276,True,806.898
13.0,13.0,1920,13_high_ir2,high,0,,True,False,0.013541666666666667,True,"[0.9658975741239892, 0.9658975741239892, 0.9658975741239892, 0.9658975741239892, 0.999890026954178]",13,0d824246a5aef69384deae5c24068f6ffbe7973b0cbc3dc74bef6a1b8449059f,DungeonMaps/test/complex/91.png,25068.767388834283,0.972696064690027,ir2,0.9658975741239892,5,20261138,384,384,False,1351.641
0.0,0.0,1115,13_low_frontier_rendezvous,low,0,,True,True,0.09506726457399103,True,"[0.9900679245283018, 0.9900679245283018, 0.9900679245283018, 0.9900679245283018, 0.9900679245283018]",13,0d824246a5aef69384deae5c24068f6ffbe7973b0cbc3dc74bef6a1b8449059f,DungeonMaps/test/complex/91.png,8425.100877580811,0.990067924528302,frontier_rendezvous,0.9900679245283018,5,20261136,384,223,True,604.308
0.0,0.0,1110,13_low_ir2,low,0,,True,False,0.02972972972972973,True,"[0.999989218328841, 0.999989218328841, 0.999989218328841, 0.999989218328841, 0.999989218328841]",13,0d824246a5aef69384deae5c24068f6ffbe7973b0cbc3dc74bef6a1b8449059f,DungeonMaps/test/complex/91.png,14965.925603423555,0.9999892183288409,ir2,0.999989218328841,5,20261136,384,222,True,765.193
6.5,6.5,1375,13_medium_frontier_rendezvous,medium,0,,True,True,0.020363636363636365,True,"[0.9999935309973046, 0.9999935309973046, 0.9999935309973046, 0.9999935309973046, 0.9999935309973046]",13,0d824246a5aef69384deae5c24068f6ffbe7973b0cbc3dc74bef6a1b8449059f,DungeonMaps/test/complex/91.png,12014.915661350338,0.9999935309973045,frontier_rendezvous,0.9999935309973046,5,20261137,384,275,True,790.745
6.5,6.5,505,13_medium_ir2,medium,0,,True,False,0.055445544554455446,True,"[0.9998921832884097, 0.9998921832884097, 0.9998921832884097, 0.9998921832884097, 0.9998921832884097]",13,0d824246a5aef69384deae5c24068f6ffbe7973b0cbc3dc74bef6a1b8449059f,DungeonMaps/test/complex/91.png,7969.41769273012,0.9998921832884097,ir2,0.9998921832884097,5,20261137,384,101,True,340.713
13.0,13.0,1110,14_high_frontier_rendezvous,high,0,,True,True,0.11801801801801802,True,"[0.9919941605839416, 0.9919941605839416, 0.9919941605839416, 0.9919941605839416, 0.9919941605839416]",14,0dee08a11a5c0bb19ed2410c2aca12986af2305e91cf62dbe76fe85c2b9a819f,DungeonMaps/test/complex/107.png,6535.933758850631,0.9919941605839415,frontier_rendezvous,0.9919941605839416,5,20261148,384,222,True,513.123
13.0,13.0,820,14_high_ir2,high,0,,True,False,0.01951219512195122,True,"[0.9999445255474453, 0.9997372262773723, 0.9999445255474453, 0.9997372262773723, 0.9997372262773723]",14,0dee08a11a5c0bb19ed2410c2aca12986af2305e91cf62dbe76fe85c2b9a819f,DungeonMaps/test/complex/107.png,9923.951207578079,0.9998201459854016,ir2,0.9997372262773723,5,20261148,384,164,True,395.775
0.0,0.0,975,14_low_frontier_rendezvous,low,0,,True,True,0.18256410256410258,True,"[0.9999941605839416, 0.9999941605839416, 0.9999941605839416, 0.9999941605839416, 0.9999941605839416]",14,0dee08a11a5c0bb19ed2410c2aca12986af2305e91cf62dbe76fe85c2b9a819f,DungeonMaps/test/complex/107.png,6098.839471074415,0.9999941605839415,frontier_rendezvous,0.9999941605839416,5,20261146,384,195,True,461.027
0.0,0.0,425,14_low_ir2,low,0,,True,False,0.06352941176470588,True,"[0.9997430656934306, 0.9997430656934306, 0.9997430656934306, 0.9997430656934306, 0.9997430656934306]",14,0dee08a11a5c0bb19ed2410c2aca12986af2305e91cf62dbe76fe85c2b9a819f,DungeonMaps/test/complex/107.png,5659.238709601688,0.9997430656934305,ir2,0.9997430656934306,5,20261146,384,85,True,214.6
6.5,6.5,945,14_medium_frontier_rendezvous,medium,0,,True,True,0.13333333333333333,True,"[0.9999941605839416, 0.9999941605839416, 0.9999941605839416, 0.9999941605839416, 0.9999941605839416]",14,0dee08a11a5c0bb19ed2410c2aca12986af2305e91cf62dbe76fe85c2b9a819f,DungeonMaps/test/complex/107.png,5693.764704361467,0.9999941605839415,frontier_rendezvous,0.9999941605839416,5,20261147,384,189,True,421.709
6.5,6.5,435,14_medium_ir2,medium,0,,True,True,0.06436781609195402,True,"[0.9999124087591241, 0.9999124087591241, 0.9999124087591241, 0.9999124087591241, 0.9999124087591241]",14,0dee08a11a5c0bb19ed2410c2aca12986af2305e91cf62dbe76fe85c2b9a819f,DungeonMaps/test/complex/107.png,6413.009663398162,0.9999124087591241,ir2,0.9999124087591241,5,20261147,384,87,True,231.684
13.0,13.0,1890,15_high_frontier_rendezvous,high,0,,True,True,0.021164021164021163,True,"[0.99998751950078, 0.99998751950078, 0.99998751950078, 0.99998751950078, 0.99998751950078]",15,0ed438102ecee3dbe3c7df9aba825e7764c5926ffc1d07ce303e5a765a825c1d,DungeonMaps/test/complex/227.png,11482.000564636915,0.9999875195007799,frontier_rendezvous,0.99998751950078,5,20261158,384,378,True,1222.964
13.0,13.0,925,15_high_ir2,high,0,,True,False,0.008648648648648649,True,"[0.9901553822152886, 0.9901054602184087, 0.9901553822152886, 0.9901553822152886, 0.9901553822152886]",15,0ed438102ecee3dbe3c7df9aba825e7764c5926ffc1d07ce303e5a765a825c1d,DungeonMaps/test/complex/227.png,12669.736045580054,0.9901453978159125,ir2,0.9901054602184087,5,20261158,384,185,True,551.169
0.0,0.0,1920,15_low_frontier_rendezvous,low,0,,True,False,0.01875,True,"[0.999995007800312, 0.999995007800312, 0.999995007800312, 0.999995007800312, 0.8295088923556942]",15,0ed438102ecee3dbe3c7df9aba825e7764c5926ffc1d07ce303e5a765a825c1d,DungeonMaps/test/complex/227.png,11188.606836420755,0.9658977847113885,frontier_rendezvous,0.8295088923556942,5,20261156,384,384,False,1210.973
0.0,0.0,535,15_low_ir2,low,0,,True,False,0.022429906542056073,True,"[0.9923644305772231, 0.9921447737909517, 0.9921447737909517, 0.9925616224648985, 0.9921447737909517]",15,0ed438102ecee3dbe3c7df9aba825e7764c5926ffc1d07ce303e5a765a825c1d,DungeonMaps/test/complex/227.png,7123.54985037233,0.9922720748829954,ir2,0.9921447737909517,5,20261156,384,107,True,322.163
6.5,6.5,1870,15_medium_frontier_rendezvous,medium,0,,True,True,0.0213903743315508,True,"[0.99998751950078, 0.99998751950078, 0.99998751950078, 0.99998751950078, 0.99998751950078]",15,0ed438102ecee3dbe3c7df9aba825e7764c5926ffc1d07ce303e5a765a825c1d,DungeonMaps/test/complex/227.png,11516.606694153026,0.9999875195007799,frontier_rendezvous,0.99998751950078,5,20261157,384,374,True,1181.437
6.5,6.5,925,15_medium_ir2,medium,0,,True,False,0.011891891891891892,True,"[0.9999201248049921, 0.9999201248049921, 0.9999201248049921, 0.9916730109204368, 0.9999700468018721]",15,0ed438102ecee3dbe3c7df9aba825e7764c5926ffc1d07ce303e5a765a825c1d,DungeonMaps/test/complex/227.png,12454.860956748687,0.998280686427457,ir2,0.9916730109204368,5,20261157,384,185,True,583.49
13.0,13.0,1920,16_high_frontier_rendezvous,high,0,,True,False,0.03697916666666667,True,"[1.0, 0.76157903930131, 1.0, 1.0, 1.0]",16,10efa3868f64369ceb24a53efc2698a64e43635fea6a7aa148cf17875f3ee242,DungeonMaps/test/complex/165.png,11406.164202302296,0.952315807860262,frontier_rendezvous,0.76157903930131,5,20261168,384,384,False,1224.688
13.0,13.0,585,16_high_ir2,high,0,,True,False,0.08034188034188035,True,"[0.9992640465793304, 0.9992640465793304, 0.9993595342066958, 0.9992640465793304, 0.9993595342066958]",16,10efa3868f64369ceb24a53efc2698a64e43635fea6a7aa148cf17875f3ee242,DungeonMaps/test/complex/165.png,8958.695377712582,0.9993022416302765,ir2,0.9992640465793304,5,20261168,384,117,True,419.887
0.0,0.0,1165,16_low_frontier_rendezvous,low,0,,True,True,0.3055793991416309,True,"[0.9909705967976711, 0.9909705967976711, 0.9909705967976711, 0.9909705967976711, 0.9909705967976711]",16,10efa3868f64369ceb24a53efc2698a64e43635fea6a7aa148cf17875f3ee242,DungeonMaps/test/complex/165.png,8128.41206073558,0.9909705967976711,frontier_rendezvous,0.9909705967976711,5,20261166,384,233,True,773.218
0.0,0.0,475,16_low_ir2,low,0,,True,False,0.061052631578947365,True,"[0.9999627365356623, 0.9999627365356623, 0.9999627365356623, 0.9999627365356623, 0.9999627365356623]",16,10efa3868f64369ceb24a53efc2698a64e43635fea6a7aa148cf17875f3ee242,DungeonMaps/test/complex/165.png,7444.298026468813,0.9999627365356624,ir2,0.9999627365356623,5,20261166,384,95,True,291.398
6.5,6.5,1920,16_medium_frontier_rendezvous,medium,0,,True,False,0.03958333333333333,True,"[0.9999953420669578, 0.9999953420669578, 0.7730748180494905, 0.9999953420669578, 0.9603935953420669]",16,10efa3868f64369ceb24a53efc2698a64e43635fea6a7aa148cf17875f3ee242,DungeonMaps/test/complex/165.png,11290.324124874709,0.9466908879184862,frontier_rendezvous,0.7730748180494905,5,20261167,384,384,False,1290.554
6.5,6.5,510,16_medium_ir2,medium,0,,True,True,0.06470588235294118,True,"[0.9996809315866084, 0.9996809315866084, 0.9996809315866084, 0.9996809315866084, 0.9996809315866084]",16,10efa3868f64369ceb24a53efc2698a64e43635fea6a7aa148cf17875f3ee242,DungeonMaps/test/complex/165.png,7321.637591231335,0.9996809315866084,ir2,0.9996809315866084,5,20261167,384,102,True,332.252
13.0,13.0,1400,17_high_frontier_rendezvous,high,0,,True,True,0.21357142857142858,True,"[0.9905268011527377, 0.9905268011527377, 0.9905268011527377, 0.9905268011527377, 0.9905268011527377]",17,129f91f93be4894089f2bb8726bf8a1ad207c0293285d1284e61ef53d0100152,DungeonMaps/test/complex/25.png,11756.497698672636,0.9905268011527377,frontier_rendezvous,0.9905268011527377,5,20261178,384,280,True,858.813
13.0,13.0,1005,17_high_ir2,high,0,,True,False,0.013930348258706468,True,"[0.9999953890489913, 0.9999953890489913, 0.9999953890489913, 0.9999953890489913, 0.9999953890489913]",17,129f91f93be4894089f2bb8726bf8a1ad207c0293285d1284e61ef53d0100152,DungeonMaps/test/complex/25.png,13298.635694464638,0.9999953890489912,ir2,0.9999953890489913,5,20261178,384,201,True,525.717
0.0,0.0,1235,17_low_frontier_rendezvous,low,0,,True,True,0.3157894736842105,True,"[0.9918363112391931, 0.9918363112391931, 0.9918363112391931, 0.9918363112391931, 0.9918363112391931]",17,129f91f93be4894089f2bb8726bf8a1ad207c0293285d1284e61ef53d0100152,DungeonMaps/test/complex/25.png,9235.99687210347,0.9918363112391931,frontier_rendezvous,0.9918363112391931,5,20261176,384,247,True,712.107
0.0,0.0,435,17_low_ir2,low,0,,True,True,0.20689655172413793,True,"[0.9943170028818443, 0.9943170028818443, 0.9943170028818443, 0.9943170028818443, 0.9943170028818443]",17,129f91f93be4894089f2bb8726bf8a1ad207c0293285d1284e61ef53d0100152,DungeonMaps/test/complex/25.png,7770.4518167188435,0.9943170028818443,ir2,0.9943170028818443,5,20261176,384,87,True,292.188
6.5,6.5,1380,17_medium_frontier_rendezvous,medium,0,,True,True,0.16159420289855073,True,"[0.9999907780979828, 0.9999907780979828, 0.9999907780979828, 0.9999907780979828, 0.9999907780979828]",17,129f91f93be4894089f2bb8726bf8a1ad207c0293285d1284e61ef53d0100152,DungeonMaps/test/complex/25.png,9627.108870141232,0.9999907780979826,frontier_rendezvous,0.9999907780979828,5,20261177,384,276,True,749.664
6.5,6.5,555,17_medium_ir2,medium,0,,True,False,0.06666666666666667,True,"[0.9963342939481268, 0.9963342939481268, 0.9963342939481268, 0.9963342939481268, 0.9963342939481268]",17,129f91f93be4894089f2bb8726bf8a1ad207c0293285d1284e61ef53d0100152,DungeonMaps/test/complex/25.png,9110.107844074912,0.9963342939481269,ir2,0.9963342939481268,5,20261177,384,111,True,382.831
13.0,13.0,1920,18_high_frontier_rendezvous,high,0,,True,False,0.078125,True,"[0.9999954022988505, 0.864383908045977, 0.8466574712643679, 0.9999954022988505, 0.9999954022988505]",18,13fb230fbaeac06f452d5657ed302cfa49db6376e3ee8ec977c3d2cdc88feed4,DungeonMaps/test/complex/35.png,12258.445607012982,0.9422055172413794,frontier_rendezvous,0.8466574712643679,5,20261188,384,384,False,1021.066
13.0,13.0,800,18_high_ir2,high,0,,True,False,0.0325,True,"[0.9999448275862068, 0.9999908045977012, 0.9999448275862068, 0.996951724137931, 0.9999448275862068]",18,13fb230fbaeac06f452d5657ed302cfa49db6376e3ee8ec977c3d2cdc88feed4,DungeonMaps/test/complex/35.png,12216.380288966262,0.9993554022988504,ir2,0.996951724137931,5,20261188,384,160,True,508.47
0.0,0.0,1225,18_low_frontier_rendezvous,low,0,,True,True,0.12897959183673469,True,"[0.9999954022988505, 0.9999954022988505, 0.9999954022988505, 0.9999954022988505, 0.9999954022988505]",18,13fb230fbaeac06f452d5657ed302cfa49db6376e3ee8ec977c3d2cdc88feed4,DungeonMaps/test/complex/35.png,8592.566920665664,0.9999954022988506,frontier_rendezvous,0.9999954022988505,5,20261186,384,245,True,599.049
0.0,0.0,1200,18_low_ir2,low,0,,True,False,0.06416666666666666,True,"[0.9999954022988505, 0.9999954022988505, 0.9999954022988505, 0.9999471264367816, 0.9999471264367816]",18,13fb230fbaeac06f452d5657ed302cfa49db6376e3ee8ec977c3d2cdc88feed4,DungeonMaps/test/complex/35.png,17972.054229326564,0.9999760919540229,ir2,0.9999471264367816,5,20261186,384,240,True,852.553
6.5,6.5,1190,18_medium_frontier_rendezvous,medium,0,,True,True,0.2596638655462185,True,"[0.9908390804597701, 0.9908390804597701, 0.9908390804597701, 0.9908390804597701, 0.9908390804597701]",18,13fb230fbaeac06f452d5657ed302cfa49db6376e3ee8ec977c3d2cdc88feed4,DungeonMaps/test/complex/35.png,8467.245479646283,0.9908390804597701,frontier_rendezvous,0.9908390804597701,5,20261187,384,238,True,638.724
6.5,6.5,555,18_medium_ir2,medium,0,,True,False,0.05405405405405406,True,"[0.9999448275862068, 0.9999448275862068, 0.9999448275862068, 0.9999448275862068, 0.9999448275862068]",18,13fb230fbaeac06f452d5657ed302cfa49db6376e3ee8ec977c3d2cdc88feed4,DungeonMaps/test/complex/35.png,8092.924778988732,0.9999448275862068,ir2,0.9999448275862068,5,20261187,384,111,True,361.676
13.0,13.0,1920,19_high_frontier_rendezvous,high,0,,True,False,0.009375,True,"[0.9999886390532544, 0.8824956213017752, 0.9999886390532544, 0.8968501775147929, 0.9999886390532544]",19,1649f1e2520c6ebd83894fb22b60f7febf2d5e07ba550a53ea7fd9171c5cfbf3,DungeonMaps/test/complex/357.png,11800.371527935333,0.9558623431952661,frontier_rendezvous,0.8824956213017752,5,20261198,384,384,False,1316.995
13.0,13.0,835,19_high_ir2,high,0,,True,False,0.010778443113772455,True,"[0.9987559763313609, 0.9998901775147929, 0.9997936094674557, 0.9997936094674557, 0.9998901775147929]",19,1649f1e2520c6ebd83894fb22b60f7febf2d5e07ba550a53ea7fd9171c5cfbf3,DungeonMaps/test/complex/357.png,11271.899724030063,0.9996247100591716,ir2,0.9987559763313609,5,20261198,384,167,True,625.351
0.0,0.0,1225,19_low_frontier_rendezvous,low,0,,True,True,0.035918367346938776,True,"[0.9999810650887574, 0.9999810650887574, 0.9999810650887574, 0.9999810650887574, 0.9999810650887574]",19,1649f1e2520c6ebd83894fb22b60f7febf2d5e07ba550a53ea7fd9171c5cfbf3,DungeonMaps/test/complex/357.png,8469.141592450887,0.9999810650887573,frontier_rendezvous,0.9999810650887574,5,20261196,384,245,True,825.826
0.0,0.0,585,19_low_ir2,low,0,,True,False,0.03418803418803419,True,"[0.9999545562130178, 0.9999545562130178, 0.9999545562130178, 0.9999545562130178, 0.9999545562130178]",19,1649f1e2520c6ebd83894fb22b60f7febf2d5e07ba550a53ea7fd9171c5cfbf3,DungeonMaps/test/complex/357.png,9042.298013308487,0.9999545562130179,ir2,0.9999545562130178,5,20261196,384,117,True,441.266
6.5,6.5,1345,19_medium_frontier_rendezvous,medium,0,,True,True,0.06691449814126393,True,"[0.9999886390532544, 0.9999886390532544, 0.9999886390532544, 0.9999886390532544, 0.9999886390532544]",19,1649f1e2520c6ebd83894fb22b60f7febf2d5e07ba550a53ea7fd9171c5cfbf3,DungeonMaps/test/complex/357.png,8264.985019313837,0.9999886390532545,frontier_rendezvous,0.9999886390532544,5,20261197,384,269,True,830.07
6.5,6.5,1920,19_medium_ir2,medium,0,,True,False,0.10208333333333333,True,"[0.9999394082840237, 0.9999394082840237, 0.9760681656804734, 0.9999394082840237, 0.9999394082840237]",19,1649f1e2520c6ebd83894fb22b60f7febf2d5e07ba550a53ea7fd9171c5cfbf3,DungeonMaps/test/complex/357.png,21773.75516082218,0.9951651597633135,ir2,0.9760681656804734,5,20261197,384,384,False,1361.093
13.0,13.0,1795,20_high_frontier_rendezvous,high,0,,True,True,0.3721448467966574,True,"[0.9908187766714083, 0.9908187766714083, 0.9908187766714083, 0.9908187766714083, 0.9908187766714083]",20,1795172501eee586236a827089825d138755f90eb8058263f3e82a41b25786dc,DungeonMaps/test/complex/257.png,15298.851052492239,0.9908187766714083,frontier_rendezvous,0.9908187766714083,5,20261208,384,359,True,1232.237
13.0,13.0,1920,20_high_ir2,high,0,,True,False,0.010416666666666666,True,"[0.9071203413940256, 0.9999726884779516, 0.9999726884779516, 0.9999726884779516, 0.9999726884779516]",20,1795172501eee586236a827089825d138755f90eb8058263f3e82a41b25786dc,DungeonMaps/test/complex/257.png,22223.330875531152,0.9814022190611664,ir2,0.9071203413940256,5,20261208,384,384,False,1199.685
0.0,0.0,1385,20_low_frontier_rendezvous,low,0,,True,True,0.2368231046931408,True,"[0.9999977240398293, 0.9999977240398293, 0.9999977240398293, 0.9999977240398293, 0.9999977240398293]",20,1795172501eee586236a827089825d138755f90eb8058263f3e82a41b25786dc,DungeonMaps/test/complex/257.png,10860.600946446328,0.9999977240398292,frontier_rendezvous,0.9999977240398293,5,20261206,384,277,True,824.75
0.0,0.0,1920,20_low_ir2,low,0,,True,False,0.2421875,True,"[0.9814349928876245, 0.9814349928876245, 0.9814349928876245, 0.9814349928876245, 0.9814349928876245]",20,1795172501eee586236a827089825d138755f90eb8058263f3e82a41b25786dc,DungeonMaps/test/complex/257.png,20097.864907143055,0.9814349928876245,ir2,0.9814349928876245,5,20261206,384,384,False,1275.638
6.5,6.5,1390,20_medium_frontier_rendezvous,medium,0,,True,True,0.22877697841726619,True,"[0.9999977240398293, 0.9999977240398293, 0.9999977240398293, 0.9999977240398293, 0.9999977240398293]",20,1795172501eee586236a827089825d138755f90eb8058263f3e82a41b25786dc,DungeonMaps/test/complex/257.png,10919.592671614686,0.9999977240398292,frontier_rendezvous,0.9999977240398293,5,20261207,384,278,True,833.628
6.5,6.5,920,20_medium_ir2,medium,0,,True,False,0.07391304347826087,True,"[1.0, 1.0, 1.0, 1.0, 1.0]",20,1795172501eee586236a827089825d138755f90eb8058263f3e82a41b25786dc,DungeonMaps/test/complex/257.png,13523.854931787248,1.0,ir2,1.0,5,20261207,384,184,True,595.364
13.0,13.0,1920,21_high_frontier_rendezvous,high,0,,True,False,0.0171875,True,"[0.6801320754716981, 1.0, 1.0, 1.0, 1.0]",21,18e9250f379b22820cdae94ac02b6789c9ad61843e37395e2652c6e7f9d36590,DungeonMaps/test/complex/381.png,11900.954527657517,0.9360264150943397,frontier_rendezvous,0.6801320754716981,5,20261218,384,384,False,1488.934
13.0,13.0,1835,21_high_ir2,high,0,,True,False,0.026158038147138966,True,"[0.999954716981132, 0.999954716981132, 0.999954716981132, 0.999954716981132, 0.999954716981132]",21,18e9250f379b22820cdae94ac02b6789c9ad61843e37395e2652c6e7f9d36590,DungeonMaps/test/complex/381.png,21584.192671855373,0.999954716981132,ir2,0.999954716981132,5,20261218,384,367,True,1472.901
0.0,0.0,1920,21_low_frontier_rendezvous,low,0,,True,False,0.04010416666666667,True,"[0.9999735849056604, 0.8441264150943396, 0.8075867924528302, 0.9999735849056604, 0.9999735849056604]",21,18e9250f379b22820cdae94ac02b6789c9ad61843e37395e2652c6e7f9d36590,DungeonMaps/test/complex/381.png,12073.102180757602,0.9303267924528302,frontier_rendezvous,0.8075867924528302,5,20261216,384,384,False,1402.1
0.0,0.0,830,21_low_ir2,low,0,,True,False,0.0819277108433735,True,"[0.9998811320754717, 0.9971622641509434, 0.9998811320754717, 0.9971622641509434, 0.9971622641509434]",21,18e9250f379b22820cdae94ac02b6789c9ad61843e37395e2652c6e7f9d36590,DungeonMaps/test/complex/381.png,13650.522471961303,0.9982498113207546,ir2,0.9971622641509434,5,20261216,384,166,True,726.783
6.5,6.5,1920,21_medium_frontier_rendezvous,medium,0,,True,False,0.04010416666666667,True,"[0.9999735849056604, 0.9076490566037736, 0.8873245283018868, 0.9999735849056604, 0.9999735849056604]",21,18e9250f379b22820cdae94ac02b6789c9ad61843e37395e2652c6e7f9d36590,DungeonMaps/test/complex/381.png,11888.141808473913,0.9589788679245282,frontier_rendezvous,0.8873245283018868,5,20261217,384,384,False,1440.136
6.5,6.5,755,21_medium_ir2,medium,0,,True,False,0.060927152317880796,True,"[0.9994132075471698, 0.9994132075471698, 0.9994132075471698, 0.9994132075471698, 0.9994566037735849]",21,18e9250f379b22820cdae94ac02b6789c9ad61843e37395e2652c6e7f9d36590,DungeonMaps/test/complex/381.png,11701.268037266173,0.9994218867924529,ir2,0.9994132075471698,5,20261217,384,151,True,654.282
13.0,13.0,1720,22_high_frontier_rendezvous,high,0,,True,False,0.035465116279069765,True,"[0.9999954802259887, 0.9941129943502824, 0.9999954802259887, 0.9999954802259887, 0.9999954802259887]",22,1b671574fd1eb5bf91b278f7cc0a6a5921a63f229f9b552d1b32606874a02268,DungeonMaps/test/complex/229.png,12443.150481280112,0.9988189830508475,frontier_rendezvous,0.9941129943502824,5,20261228,384,344,True,1205.636
13.0,13.0,715,22_high_ir2,high,0,,True,False,0.005594405594405594,True,"[0.9999706214689266, 0.9999706214689266, 0.9999706214689266, 0.9999706214689266, 0.9999706214689266]",22,1b671574fd1eb5bf91b278f7cc0a6a5921a63f229f9b552d1b32606874a02268,DungeonMaps/test/complex/229.png,9846.35119769245,0.9999706214689266,ir2,0.9999706214689266,5,20261228,384,143,True,499.166
0.0,0.0,1250,22_low_frontier_rendezvous,low,0,,True,True,0.0264,True,"[1.0, 1.0, 1.0, 1.0, 1.0]",22,1b671574fd1eb5bf91b278f7cc0a6a5921a63f229f9b552d1b32606874a02268,DungeonMaps/test/complex/229.png,9173.827333778496,1.0,frontier_rendezvous,1.0,5,20261226,384,250,True,818.302
0.0,0.0,735,22_low_ir2,low,0,,True,False,0.02857142857142857,True,"[0.9999954802259887, 0.9999954802259887, 0.9999954802259887, 0.9999954802259887, 0.9999954802259887]",22,1b671574fd1eb5bf91b278f7cc0a6a5921a63f229f9b552d1b32606874a02268,DungeonMaps/test/complex/229.png,9550.11239460843,0.9999954802259887,ir2,0.9999954802259887,5,20261226,384,147,True,514.663
6.5,6.5,1150,22_medium_frontier_rendezvous,medium,0,,True,True,0.0817391304347826,True,"[0.999554802259887, 0.999554802259887, 0.999554802259887, 0.999554802259887, 0.999554802259887]",22,1b671574fd1eb5bf91b278f7cc0a6a5921a63f229f9b552d1b32606874a02268,DungeonMaps/test/complex/229.png,8261.9980914139,0.999554802259887,frontier_rendezvous,0.999554802259887,5,20261227,384,230,True,736.314
6.5,6.5,830,22_medium_ir2,medium,0,,True,False,0.021686746987951807,True,"[0.9999977401129944, 0.9999977401129944, 0.9999977401129944, 0.9999977401129944, 0.9999977401129944]",22,1b671574fd1eb5bf91b278f7cc0a6a5921a63f229f9b552d1b32606874a02268,DungeonMaps/test/complex/229.png,12644.252189302792,0.9999977401129942,ir2,0.9999977401129944,5,20261227,384,166,True,552.207
13.0,13.0,1920,23_high_frontier_rendezvous,high,0,,True,False,0.10416666666666667,True,"[0.9527052229299363, 0.9999898089171975, 0.9527052229299363, 0.9999898089171975, 0.9527052229299363]",23,1c6a9eb54b3137ce37b206f3fe708ddbe435aac83761c4f78d43e00f27dd3b51,DungeonMaps/test/complex/47.png,13397.889546322296,0.9716190573248408,frontier_rendezvous,0.9527052229299363,5,20261238,384,384,False,1206.187
13.0,13.0,585,23_high_ir2,high,0,,True,True,0.03418803418803419,True,"[0.9964901910828026, 0.9964901910828026, 0.9964901910828026, 0.9964901910828026, 0.9964901910828026]",23,1c6a9eb54b3137ce37b206f3fe708ddbe435aac83761c4f78d43e00f27dd3b51,DungeonMaps/test/complex/47.png,9532.801954468345,0.9964901910828026,ir2,0.9964901910828026,5,20261238,384,117,True,463.59
0.0,0.0,1790,23_low_frontier_rendezvous,low,0,,True,False,0.14134078212290502,True,"[0.991451719745223, 0.9999714649681528, 0.9999714649681528, 0.9999714649681528, 0.9912703184713376]",23,1c6a9eb54b3137ce37b206f3fe708ddbe435aac83761c4f78d43e00f27dd3b51,DungeonMaps/test/complex/47.png,11741.30981248429,0.9965272866242039,frontier_rendezvous,0.9912703184713376,5,20261236,384,358,True,1149.782
0.0,0.0,740,23_low_ir2,low,0,,True,False,0.09594594594594595,True,"[0.9998287898089172, 0.9998287898089172, 0.9998287898089172, 0.9998287898089172, 0.9998287898089172]",23,1c6a9eb54b3137ce37b206f3fe708ddbe435aac83761c4f78d43e00f27dd3b51,DungeonMaps/test/complex/47.png,12589.106654568317,0.9998287898089172,ir2,0.9998287898089172,5,20261236,384,148,True,578.235
6.5,6.5,1570,23_medium_frontier_rendezvous,medium,0,,True,True,0.1592356687898089,True,"[0.9999898089171975, 0.9999898089171975, 0.9999898089171975, 0.9999898089171975, 0.9999898089171975]",23,1c6a9eb54b3137ce37b206f3fe708ddbe435aac83761c4f78d43e00f27dd3b51,DungeonMaps/test/complex/47.png,12565.448111706093,0.9999898089171975,frontier_rendezvous,0.9999898089171975,5,20261237,384,314,True,966.637
6.5,6.5,1760,23_medium_ir2,medium,0,,True,False,0.03238636363636364,True,"[0.9998043312101911, 0.9998043312101911, 0.9998043312101911, 0.9998043312101911, 0.9998043312101911]",23,1c6a9eb54b3137ce37b206f3fe708ddbe435aac83761c4f78d43e00f27dd3b51,DungeonMaps/test/complex/47.png,22413.690420300944,0.9998043312101912,ir2,0.9998043312101911,5,20261237,384,352,True,1242.152
13.0,13.0,1920,24_high_frontier_rendezvous,high,0,,True,False,0.0953125,True,"[0.9999874345549739, 0.9999874345549739, 0.9999874345549739, 0.9999874345549739, 0.804565445026178]",24,20a38f9652c710e8ab9e90fe5f6ff98ecc71235d7128a80a9b415cf72b138ed6,DungeonMaps/test/complex/183.png,13100.888378577743,0.9609030366492147,frontier_rendezvous,0.804565445026178,5,20261248,384,384,False,1231.23
13.0,13.0,695,24_high_ir2,high,0,,True,False,0.02877697841726619,True,"[0.9999811518324607, 0.9999811518324607, 0.9999874345549739, 0.9999811518324607, 0.9999874345549739]",24,20a38f9652c710e8ab9e90fe5f6ff98ecc71235d7128a80a9b415cf72b138ed6,DungeonMaps/test/complex/183.png,10353.663171144972,0.9999836649214661,ir2,0.9999811518324607,5,20261248,384,139,True,496.552
0.0,0.0,1015,24_low_frontier_rendezvous,low,0,,True,True,0.2315270935960591,True,"[0.9906303664921466, 0.9906303664921466, 0.9906303664921466, 0.9906303664921466, 0.9906303664921466]",24,20a38f9652c710e8ab9e90fe5f6ff98ecc71235d7128a80a9b415cf72b138ed6,DungeonMaps/test/complex/183.png,6823.082481854528,0.9906303664921466,frontier_rendezvous,0.9906303664921466,5,20261246,384,203,True,532.355
0.0,0.0,670,24_low_ir2,low,0,,True,False,0.10597014925373134,True,"[0.9999560209424084, 0.9999560209424084, 0.9999560209424084, 0.9999560209424084, 0.9999560209424084]",24,20a38f9652c710e8ab9e90fe5f6ff98ecc71235d7128a80a9b415cf72b138ed6,DungeonMaps/test/complex/183.png,10271.201652507913,0.9999560209424084,ir2,0.9999560209424084,5,20261246,384,134,True,513.325
6.5,6.5,1130,24_medium_frontier_rendezvous,medium,0,,True,True,0.2097345132743363,True,"[0.9903853403141362, 0.9903853403141362, 0.9903853403141362, 0.9903853403141362, 0.9903853403141362]",24,20a38f9652c710e8ab9e90fe5f6ff98ecc71235d7128a80a9b415cf72b138ed6,DungeonMaps/test/complex/183.png,7283.104260659474,0.9903853403141362,frontier_rendezvous,0.9903853403141362,5,20261247,384,226,True,603.892
6.5,6.5,1455,24_medium_ir2,medium,0,,True,False,0.08041237113402062,True,"[0.9999434554973822, 0.9999434554973822, 0.9999434554973822, 0.9999434554973822, 0.9999434554973822]",24,20a38f9652c710e8ab9e90fe5f6ff98ecc71235d7128a80a9b415cf72b138ed6,DungeonMaps/test/complex/183.png,18692.061181186727,0.9999434554973823,ir2,0.9999434554973822,5,20261247,384,291,True,973.208
13.0,13.0,1545,25_high_frontier_rendezvous,high,0,,True,True,0.017475728155339806,True,"[0.9999763758389262, 0.9999763758389262, 0.9999763758389262, 0.9999763758389262, 0.9999763758389262]",25,24ac783165ae33a5a4667db98b5234023102bdaf530e93421360bde64a0bd48c,DungeonMaps/test/complex/279.png,10478.470355118376,0.9999763758389262,frontier_rendezvous,0.9999763758389262,5,20261258,384,309,True,910.291
13.0,13.0,685,25_high_ir2,high,0,,True,False,0.016058394160583942,True,"[0.9999248322147651, 0.9999248322147651, 0.9999248322147651, 0.9999248322147651, 0.9999248322147651]",25,24ac783165ae33a5a4667db98b5234023102bdaf530e93421360bde64a0bd48c,DungeonMaps/test/complex/279.png,9625.711191259456,0.999924832214765,ir2,0.9999248322147651,5,20261258,384,137,True,466.277
0.0,0.0,1420,25_low_frontier_rendezvous,low,0,,True,True,0.059154929577464786,True,"[0.9908424161073826, 0.9908424161073826, 0.9908424161073826, 0.9908424161073826, 0.9908424161073826]",25,24ac783165ae33a5a4667db98b5234023102bdaf530e93421360bde64a0bd48c,DungeonMaps/test/complex/279.png,9962.734704780367,0.9908424161073824,frontier_rendezvous,0.9908424161073826,5,20261256,384,284,True,962.558
0.0,0.0,925,25_low_ir2,low,0,,True,False,0.014054054054054054,True,"[0.9965551677852349, 0.9965487248322148, 0.9965551677852349, 0.9965551677852349, 0.9965487248322148]",25,24ac783165ae33a5a4667db98b5234023102bdaf530e93421360bde64a0bd48c,DungeonMaps/test/complex/279.png,12706.22523125407,0.9965525906040268,ir2,0.9965487248322148,5,20261256,384,185,True,663.309
6.5,6.5,1435,25_medium_frontier_rendezvous,medium,0,,True,True,0.04250871080139373,True,"[0.9908424161073826, 0.9908424161073826, 0.9908424161073826, 0.9908424161073826, 0.9908424161073826]",25,24ac783165ae33a5a4667db98b5234023102bdaf530e93421360bde64a0bd48c,DungeonMaps/test/complex/279.png,9918.4688782612,0.9908424161073824,frontier_rendezvous,0.9908424161073826,5,20261257,384,287,True,973.056
6.5,6.5,600,25_medium_ir2,medium,0,,True,False,0.021666666666666667,True,"[0.99552, 0.9987951677852349, 0.99552, 0.99552, 0.99552]",25,24ac783165ae33a5a4667db98b5234023102bdaf530e93421360bde64a0bd48c,DungeonMaps/test/complex/279.png,8720.682537544115,0.996175033557047,ir2,0.99552,5,20261257,384,120,True,399.877
13.0,13.0,1920,26_high_frontier_rendezvous,high,0,,True,False,0.007291666666666667,True,"[0.9999976642335766, 0.9999929927007299, 0.9999976642335766, 0.9999929927007299, 0.9999976642335766]",26,28ff783879cc8e7d41d651ebeae29c9cf58f52bbf9d134cb038a235d6ead3238,DungeonMaps/test/complex/167.png,13541.380795355779,0.9999957956204379,frontier_rendezvous,0.9999929927007299,5,20261268,384,384,True,1095.063
13.0,13.0,600,26_high_ir2,high,0,,True,False,0.011666666666666667,True,"[0.9998271532846715, 0.9998271532846715, 0.9998271532846715, 0.9999369343065694, 0.9999369343065694]",26,28ff783879cc8e7d41d651ebeae29c9cf58f52bbf9d134cb038a235d6ead3238,DungeonMaps/test/complex/167.png,7854.832406268469,0.9998710656934306,ir2,0.9998271532846715,5,20261268,384,120,True,374.996
0.0,0.0,1030,26_low_frontier_rendezvous,low,0,,True,True,0.09320388349514563,True,"[0.9967065693430657, 0.9967065693430657, 0.9967065693430657, 0.9967065693430657, 0.9967065693430657]",26,28ff783879cc8e7d41d651ebeae29c9cf58f52bbf9d134cb038a235d6ead3238,DungeonMaps/test/complex/167.png,7084.020455256767,0.9967065693430657,frontier_rendezvous,0.9967065693430657,5,20261266,384,206,True,556.666
0.0,0.0,780,26_low_ir2,low,0,,True,False,0.017948717948717947,True,"[0.9999836496350365, 0.9999836496350365, 0.9999836496350365, 0.9999836496350365, 0.9999836496350365]",26,28ff783879cc8e7d41d651ebeae29c9cf58f52bbf9d134cb038a235d6ead3238,DungeonMaps/test/complex/167.png,11157.781217430487,0.9999836496350365,ir2,0.9999836496350365,5,20261266,384,156,True,517.224
6.5,6.5,1920,26_medium_frontier_rendezvous,medium,0,,True,False,0.007291666666666667,True,"[0.964421605839416, 0.706501605839416, 0.9658791240875912, 0.9658791240875912, 0.9658791240875912]",26,28ff783879cc8e7d41d651ebeae29c9cf58f52bbf9d134cb038a235d6ead3238,DungeonMaps/test/complex/167.png,12651.501787000083,0.913712116788321,frontier_rendezvous,0.706501605839416,5,20261267,384,384,False,1050.804
6.5,6.5,915,26_medium_ir2,medium,0,,True,False,0.014207650273224045,True,"[0.9999836496350365, 0.9999836496350365, 0.9999836496350365, 0.9999836496350365, 0.9999836496350365]",26,28ff783879cc8e7d41d651ebeae29c9cf58f52bbf9d134cb038a235d6ead3238,DungeonMaps/test/complex/167.png,13643.915722293917,0.9999836496350365,ir2,0.9999836496350365,5,20261267,384,183,True,690.296
13.0,13.0,1355,27_high_frontier_rendezvous,high,0,,True,True,0.23099630996309964,True,"[0.9999956104252401, 0.9999956104252401, 0.9999956104252401, 0.9999956104252401, 0.9999956104252401]",27,3d356a0db5ee35876c7b70db94fea48b92ec21f7f29e42614627a2e8c14252df,DungeonMaps/test/complex/437.png,9157.0354358452,0.9999956104252401,frontier_rendezvous,0.9999956104252401,5,20261278,384,271,True,759.525
13.0,13.0,655,27_high_ir2,high,0,,True,False,0.09465648854961832,True,"[0.999846364883402, 0.999846364883402, 0.999846364883402, 0.999846364883402, 0.999846364883402]",27,3d356a0db5ee35876c7b70db94fea48b92ec21f7f29e42614627a2e8c14252df,DungeonMaps/test/complex/437.png,11176.23764618999,0.9998463648834018,ir2,0.999846364883402,5,20261278,384,131,True,490.127
0.0,0.0,1250,27_low_frontier_rendezvous,low,0,,True,True,0.3,True,"[0.9999956104252401, 0.9999956104252401, 0.9999956104252401, 0.9999956104252401, 0.9999956104252401]",27,3d356a0db5ee35876c7b70db94fea48b92ec21f7f29e42614627a2e8c14252df,DungeonMaps/test/complex/437.png,8908.674944050035,0.9999956104252401,frontier_rendezvous,0.9999956104252401,5,20261276,384,250,True,668.874
0.0,0.0,470,27_low_ir2,low,0,,True,True,0.17446808510638298,True,"[0.9998924554183813, 0.9998924554183813, 0.9998924554183813, 0.9998924554183813, 0.9998924554183813]",27,3d356a0db5ee35876c7b70db94fea48b92ec21f7f29e42614627a2e8c14252df,DungeonMaps/test/complex/437.png,7775.57054891461,0.9998924554183815,ir2,0.9998924554183813,5,20261276,384,94,True,329.809
6.5,6.5,1410,27_medium_frontier_rendezvous,medium,0,,True,True,0.32978723404255317,True,"[0.9916927297668039, 0.9916927297668039, 0.9916927297668039, 0.9916927297668039, 0.9916927297668039]",27,3d356a0db5ee35876c7b70db94fea48b92ec21f7f29e42614627a2e8c14252df,DungeonMaps/test/complex/437.png,9534.96056328764,0.9916927297668039,frontier_rendezvous,0.9916927297668039,5,20261277,384,282,True,762.572
6.5,6.5,495,27_medium_ir2,medium,0,,True,True,0.15555555555555556,True,"[0.999923182441701, 0.999923182441701, 0.999923182441701, 0.999923182441701, 0.999923182441701]",27,3d356a0db5ee35876c7b70db94fea48b92ec21f7f29e42614627a2e8c14252df,DungeonMaps/test/complex/437.png,7649.898257644306,0.999923182441701,ir2,0.999923182441701,5,20261277,384,99,True,319.1
13.0,13.0,1920,28_high_frontier_rendezvous,high,0,,True,False,0.0046875,True,"[0.9999715976331361, 0.9999715976331361, 0.9999715976331361, 0.9999715976331361, 0.782095147928994]",28,3ed95162a7090ba822b5ed7d740d7035c144e3c4e43b57aff39cd685e4926103,DungeonMaps/test/complex/281.png,11227.643671903952,0.9563963076923077,frontier_rendezvous,0.782095147928994,5,20261288,384,384,False,1207.93
13.0,13.0,700,28_high_ir2,high,0,,True,False,0.02,True,"[0.9999545562130178, 0.9999545562130178, 0.9999545562130178, 0.9999545562130178, 0.9999545562130178]",28,3ed95162a7090ba822b5ed7d740d7035c144e3c4e43b57aff39cd685e4926103,DungeonMaps/test/complex/281.png,10558.543088924407,0.9999545562130179,ir2,0.9999545562130178,5,20261288,384,140,True,571.543
0.0,0.0,1920,28_low_frontier_rendezvous,low,0,,True,False,0.0046875,True,"[0.8364421301775148, 0.9999715976331361, 0.9999943195266272, 0.9999715976331361, 0.9999943195266272]",28,3ed95162a7090ba822b5ed7d740d7035c144e3c4e43b57aff39cd685e4926103,DungeonMaps/test/complex/281.png,11768.871112517272,0.9672747928994083,frontier_rendezvous,0.8364421301775148,5,20261286,384,384,False,1386.827
0.0,0.0,495,28_low_ir2,low,0,,True,False,0.06868686868686869,True,"[0.9966523076923077, 0.9966523076923077, 0.9966523076923077, 0.9966523076923077, 0.9966523076923077]",28,3ed95162a7090ba822b5ed7d740d7035c144e3c4e43b57aff39cd685e4926103,DungeonMaps/test/complex/281.png,8337.524572536344,0.9966523076923078,ir2,0.9966523076923077,5,20261286,384,99,True,443.593
6.5,6.5,1920,28_medium_frontier_rendezvous,medium,0,,True,False,0.0046875,True,"[0.9999943195266272, 0.8276222485207101, 0.9999943195266272, 0.8276222485207101, 0.9999943195266272]",28,3ed95162a7090ba822b5ed7d740d7035c144e3c4e43b57aff39cd685e4926103,DungeonMaps/test/complex/281.png,12216.034856652495,0.9310454911242603,frontier_rendezvous,0.8276222485207101,5,20261287,384,384,False,1274.005
6.5,6.5,830,28_medium_ir2,medium,0,,True,True,0.03493975903614458,True,"[0.9999697041420118, 0.9999697041420118, 0.9999697041420118, 0.9999697041420118, 0.9999697041420118]",28,3ed95162a7090ba822b5ed7d740d7035c144e3c4e43b57aff39cd685e4926103,DungeonMaps/test/complex/281.png,12320.338933483392,0.9999697041420118,ir2,0.9999697041420118,5,20261287,384,166,True,718.885
13.0,13.0,1190,29_high_frontier_rendezvous,high,0,,True,True,0.2361344537815126,True,"[0.9900705882352941, 0.9900705882352941, 0.9900705882352941, 0.9900705882352941, 0.9900705882352941]",29,681ac4b9d5effe1c04dfe57dedb92fe1cd95a12ad72a87dfcc9ea28fcaab6790,DungeonMaps/test/complex/487.png,7803.578067555431,0.9900705882352941,frontier_rendezvous,0.9900705882352941,5,20261298,384,238,True,668.577
13.0,13.0,1220,29_high_ir2,high,0,,True,False,0.007377049180327869,True,"[1.0, 1.0, 1.0, 1.0, 1.0]",29,681ac4b9d5effe1c04dfe57dedb92fe1cd95a12ad72a87dfcc9ea28fcaab6790,DungeonMaps/test/complex/487.png,14716.871056969185,1.0,ir2,1.0,5,20261298,384,244,True,673.956
0.0,0.0,1045,29_low_frontier_rendezvous,low,0,,True,True,0.35023923444976074,True,"[0.9904421052631579, 0.9904421052631579, 0.9904421052631579, 0.9904421052631579, 0.9904421052631579]",29,681ac4b9d5effe1c04dfe57dedb92fe1cd95a12ad72a87dfcc9ea28fcaab6790,DungeonMaps/test/complex/487.png,6919.271211259723,0.9904421052631578,frontier_rendezvous,0.9904421052631579,5,20261296,384,209,True,626.227
0.0,0.0,645,29_low_ir2,low,0,,True,False,0.027906976744186046,True,"[0.9998910216718266, 0.9998910216718266, 0.9998910216718266, 0.9999801857585139, 0.9999801857585139]",29,681ac4b9d5effe1c04dfe57dedb92fe1cd95a12ad72a87dfcc9ea28fcaab6790,DungeonMaps/test/complex/487.png,9795.429633069642,0.9999266873065015,ir2,0.9998910216718266,5,20261296,384,129,True,431.298
6.5,6.5,1185,29_medium_frontier_rendezvous,medium,0,,True,True,0.2742616033755274,True,"[0.9940037151702786, 0.9940037151702786, 0.9940037151702786, 0.9940037151702786, 0.9940037151702786]",29,681ac4b9d5effe1c04dfe57dedb92fe1cd95a12ad72a87dfcc9ea28fcaab6790,DungeonMaps/test/complex/487.png,7881.084340523983,0.9940037151702785,frontier_rendezvous,0.9940037151702786,5,20261297,384,237,True,729.231
6.5,6.5,790,29_medium_ir2,medium,0,,True,False,0.017721518987341773,True,"[0.999856346749226, 0.999856346749226, 0.999856346749226, 0.9999455108359133, 0.9999455108359133]",29,681ac4b9d5effe1c04dfe57dedb92fe1cd95a12ad72a87dfcc9ea28fcaab6790,DungeonMaps/test/complex/487.png,11614.802588794955,0.9998920123839008,ir2,0.999856346749226,5,20261297,384,158,True,542.6
